order_id,product_id,quantity,list_price,discount
1,20,1,599.99,0.2
1,8,2,1799.99,0.07
1,10,2,1549.0,0.05
1,16,2,599.99,0.05
1,4,1,2899.99,0.2
2,20,1,599.99,0.07
2,16,2,599.99,0.05
3,3,1,999.99,0.05
3,20,1,599.99,0.05
4,2,2,749.99,0.1
5,10,2,1549.0,0.05
5,17,1,429.0,0.07
5,26,1,599.99,0.07
6,18,1,449.0,0.07
6,12,2,549.99,0.05
6,20,1,599.99,0.1
6,3,2,999.99,0.07
6,9,2,2999.99,0.07
7,15,1,529.99,0.07
7,3,1,999.99,0.1
7,17,2,429.0,0.1
8,22,1,269.99,0.05
8,20,2,599.99,0.07
9,7,2,3999.99,0.1
10,14,1,269.99,0.1
11,8,1,1799.99,0.05
11,22,2,269.99,0.1
11,16,2,599.99,0.2
12,4,2,2899.99,0.1
12,11,1,1680.99,0.05
13,13,1,269.99,0.1
13,17,2,429.0,0.05
13,20,2,599.99,0.1
13,16,2,599.99,0.05
14,6,1,469.99,0.07
15,12,2,549.99,0.07
15,8,1,1799.99,0.07
15,18,2,449.0,0.05
15,23,2,299.99,0.2
16,8,1,1799.99,0.2
16,21,1,269.99,0.05
16,13,2,269.99,0.07
16,14,1,269.99,0.07
17,8,1,1799.99,0.07
17,23,1,299.99,0.1
17,5,1,1320.99,0.1
17,20,2,599.99,0.2
18,2,2,749.99,0.2
18,22,1,269.99,0.05
18,7,1,3999.99,0.1
18,25,2,499.99,0.05
18,9,2,2999.99,0.1
19,10,1,1549.0,0.07
19,9,2,2999.99,0.2
20,9,1,2999.99,0.07
20,10,2,1549.0,0.07
21,14,1,269.99,0.05
21,17,1,429.0,0.1
21,10,1,1549.0,0.07
22,15,2,529.99,0.2
22,22,1,269.99,0.05
23,4,2,2899.99,0.05
23,23,2,299.99,0.1
23,13,1,269.99,0.2
24,3,2,999.99,0.1
24,18,2,449.0,0.07
25,23,2,299.99,0.2
25,10,2,1549.0,0.2
25,22,1,269.99,0.2
25,14,1,269.99,0.2
25,21,1,269.99,0.1
26,7,1,3999.99,0.05
26,2,1,749.99,0.2
26,12,1,549.99,0.2
26,21,2,269.99,0.07
27,5,1,1320.99,0.2
27,19,1,449.0,0.2
27,26,2,599.99,0.07
27,8,1,1799.99,0.07
28,5,1,1320.99,0.05
28,7,2,3999.99,0.2
28,14,2,269.99,0.1
28,6,1,469.99,0.05
29,24,2,549.99,0.05
29,6,1,469.99,0.2
29,21,2,269.99,0.1
29,8,1,1799.99,0.2
29,14,2,269.99,0.05
30,26,1,599.99,0.05
30,17,1,429.0,0.07
30,19,1,449.0,0.1
30,4,1,2899.99,0.1
30,7,2,3999.99,0.1
31,11,2,1680.99,0.05
31,9,2,2999.99,0.2
32,8,2,1799.99,0.07
32,12,2,549.99,0.07
32,25,2,499.99,0.1
33,23,2,299.99,0.07
33,7,1,3999.99,0.1
34,8,2,1799.99,0.07
34,10,2,1549.0,0.1
34,17,2,429.0,0.2
35,18,1,449.0,0.05
35,20,2,599.99,0.05
35,5,1,1320.99,0.2
35,21,2,269.99,0.07
35,22,1,269.99,0.07
36,9,1,2999.99,0.07
36,5,1,1320.99,0.05
36,3,2,999.99,0.2
37,16,2,599.99,0.05
38,7,2,3999.99,0.05
38,23,1,299.99,0.07
38,25,1,499.99,0.2
38,10,2,1549.0,0.1
38,24,1,549.99,0.07
39,22,2,269.99,0.2
39,16,2,599.99,0.2
39,3,2,999.99,0.05
39,15,1,529.99,0.1
40,17,1,429.0,0.2
40,8,2,1799.99,0.2
41,5,1,1320.99,0.1
41,19,2,449.0,0.2
41,26,2,599.99,0.2
42,19,1,449.0,0.05
43,13,2,269.99,0.1
43,12,2,549.99,0.05
44,7,1,3999.99,0.1
44,16,1,599.99,0.05
45,4,2,2899.99,0.2
45,22,1,269.99,0.07
45,21,2,269.99,0.05
46,17,1,429.0,0.1
47,6,1,469.99,0.05
47,15,1,529.99,0.1
47,25,2,499.99,0.07
47,13,1,269.99,0.2
48,11,1,1680.99,0.1
48,4,1,2899.99,0.2
48,5,2,1320.99,0.1
48,14,2,269.99,0.07
49,13,2,269.99,0.07
50,3,1,999.99,0.05
50,26,2,599.99,0.07
50,13,2,269.99,0.2
51,13,1,269.99,0.05
51,20,1,599.99,0.05
51,26,2,599.99,0.2
52,25,1,499.99,0.07
53,8,2,1799.99,0.2
53,23,2,299.99,0.05
53,14,2,269.99,0.2
53,25,2,499.99,0.1
54,26,2,599.99,0.2
54,3,1,999.99,0.2
55,21,1,269.99,0.05
55,25,2,499.99,0.2
55,15,2,529.99,0.2
56,20,2,599.99,0.07
57,23,2,299.99,0.1
57,19,2,449.0,0.2
57,13,1,269.99,0.07
58,14,2,269.99,0.05
58,18,1,449.0,0.07
58,23,1,299.99,0.1
59,21,1,269.99,0.05
59,2,1,749.99,0.1
59,17,2,429.0,0.1
60,14,2,269.99,0.05
60,4,1,2899.99,0.1
60,15,1,529.99,0.07
60,22,1,269.99,0.2
61,25,1,499.99,0.1
61,15,2,529.99,0.05
61,5,2,1320.99,0.2
62,14,1,269.99,0.07
62,8,2,1799.99,0.1
62,22,2,269.99,0.1
63,25,2,499.99,0.1
63,19,2,449.0,0.05
63,3,1,999.99,0.1
64,25,2,499.99,0.1
64,22,2,269.99,0.2
64,23,2,299.99,0.2
64,24,2,549.99,0.1
65,12,1,549.99,0.1
66,2,1,749.99,0.2
66,23,1,299.99,0.07
66,12,1,549.99,0.07
67,23,2,299.99,0.2
67,12,2,549.99,0.1
67,21,1,269.99,0.2
67,5,2,1320.99,0.1
67,19,1,449.0,0.2
68,13,2,269.99,0.07
68,17,1,429.0,0.1
69,22,2,269.99,0.1
69,5,1,1320.99,0.2
69,10,1,1549.0,0.05
70,3,2,999.99,0.05
70,18,1,449.0,0.2
70,20,1,599.99,0.05
71,26,2,599.99,0.05
71,24,1,549.99,0.2
71,18,1,449.0,0.1
72,17,2,429.0,0.07
72,12,1,549.99,0.05
72,13,2,269.99,0.1
73,22,1,269.99,0.07
73,26,2,599.99,0.05
73,3,2,999.99,0.07
73,25,1,499.99,0.07
73,23,2,299.99,0.2
74,16,2,599.99,0.05
74,6,1,469.99,0.07
75,3,1,999.99,0.1
75,7,2,3999.99,0.07
75,15,1,529.99,0.2
76,12,1,549.99,0.05
76,11,2,1680.99,0.1
76,5,1,1320.99,0.07
77,20,1,599.99,0.07
77,24,2,549.99,0.1
77,26,1,599.99,0.2
77,25,1,499.99,0.2
78,17,1,429.0,0.07
78,19,1,449.0,0.2
78,18,2,449.0,0.1
78,14,2,269.99,0.1
79,9,2,2999.99,0.1
79,17,2,429.0,0.05
79,6,1,469.99,0.1
79,25,2,499.99,0.07
80,26,1,599.99,0.1
80,24,1,549.99,0.1
80,17,1,429.0,0.2
81,10,2,1549.0,0.2
81,23,2,299.99,0.05
81,25,2,499.99,0.05
82,25,2,499.99,0.1
82,11,2,1680.99,0.2
83,20,1,599.99,0.2
83,3,2,999.99,0.05
84,23,2,299.99,0.07
84,15,2,529.99,0.07
85,4,2,2899.99,0.05
85,18,1,449.0,0.07
86,9,2,2999.99,0.1
86,23,2,299.99,0.07
86,21,2,269.99,0.2
86,15,1,529.99,0.1
87,20,2,599.99,0.2
87,23,2,299.99,0.1
88,10,1,1549.0,0.07
88,8,2,1799.99,0.1
88,7,1,3999.99,0.1
89,5,1,1320.99,0.05
89,6,2,469.99,0.1
90,3,1,999.99,0.1
90,6,1,469.99,0.07
91,11,1,1680.99,0.1
91,25,1,499.99,0.05
91,15,2,529.99,0.07
91,13,2,269.99,0.07
92,8,1,1799.99,0.1
93,22,2,269.99,0.07
93,17,1,429.0,0.05
93,21,1,269.99,0.1
93,2,1,749.99,0.2
93,10,2,1549.0,0.07
94,12,1,549.99,0.05
94,4,1,2899.99,0.2
94,11,1,1680.99,0.2
94,21,2,269.99,0.07
95,10,2,1549.0,0.2
95,19,1,449.0,0.1
95,8,2,1799.99,0.2
95,20,2,599.99,0.05
96,26,1,599.99,0.1
96,23,1,299.99,0.05
97,20,2,599.99,0.2
97,2,1,749.99,0.07
97,6,2,469.99,0.2
97,19,1,449.0,0.1
98,19,1,449.0,0.07
98,21,1,269.99,0.1
98,2,1,749.99,0.2
98,22,2,269.99,0.2
99,13,1,269.99,0.2
99,21,1,269.99,0.2
99,25,2,499.99,0.05
99,7,2,3999.99,0.07
99,23,2,299.99,0.2
100,12,2,549.99,0.05
100,11,2,1680.99,0.1
100,7,2,3999.99,0.2
100,16,2,599.99,0.2
100,24,2,549.99,0.1
101,12,2,549.99,0.2
102,15,1,529.99,0.05
102,22,1,269.99,0.07
103,17,1,429.0,0.07
103,3,1,999.99,0.05
103,18,1,449.0,0.2
103,15,2,529.99,0.1
103,9,2,2999.99,0.1
104,19,2,449.0,0.1
104,26,1,599.99,0.05
105,11,2,1680.99,0.2
105,3,1,999.99,0.05
105,9,1,2999.99,0.05
106,17,1,429.0,0.1
106,13,2,269.99,0.1
107,19,1,449.0,0.2
107,13,2,269.99,0.1
108,11,1,1680.99,0.1
108,22,2,269.99,0.07
108,16,2,599.99,0.05
109,22,2,269.99,0.1
109,6,1,469.99,0.07
110,14,1,269.99,0.1
111,14,1,269.99,0.1
111,12,2,549.99,0.07
112,23,2,299.99,0.2
112,25,2,499.99,0.07
112,24,2,549.99,0.05
112,5,1,1320.99,0.2
113,12,2,549.99,0.07
113,24,2,549.99,0.1
113,6,1,469.99,0.07
113,23,1,299.99,0.2
113,5,2,1320.99,0.2
114,12,1,549.99,0.05
114,2,1,749.99,0.07
114,13,2,269.99,0.1
115,22,1,269.99,0.2
115,19,1,449.0,0.1
116,26,1,599.99,0.05
117,22,2,269.99,0.2
117,26,1,599.99,0.05
117,14,1,269.99,0.2
117,19,1,449.0,0.05
118,18,1,449.0,0.07
118,4,1,2899.99,0.07
118,6,1,469.99,0.07
118,3,2,999.99,0.1
118,23,2,299.99,0.07
119,25,1,499.99,0.05
120,13,2,269.99,0.05
120,6,2,469.99,0.05
120,10,2,1549.0,0.05
120,17,1,429.0,0.05
120,16,2,599.99,0.2
121,5,1,1320.99,0.2
121,14,2,269.99,0.1
121,4,2,2899.99,0.1
121,24,2,549.99,0.07
121,2,2,749.99,0.05
122,16,1,599.99,0.1
123,12,2,549.99,0.1
124,16,1,599.99,0.05
124,4,1,2899.99,0.07
124,7,2,3999.99,0.05
125,17,1,429.0,0.1
126,9,2,2999.99,0.05
127,17,1,429.0,0.07
127,20,1,599.99,0.1
127,4,2,2899.99,0.07
128,24,2,549.99,0.1
128,16,2,599.99,0.1
128,4,2,2899.99,0.2
128,3,2,999.99,0.2
129,18,1,449.0,0.1
129,9,1,2999.99,0.1
130,26,1,599.99,0.05
130,5,2,1320.99,0.07
131,22,2,269.99,0.2
131,4,2,2899.99,0.07
131,24,2,549.99,0.1
132,2,2,749.99,0.05
132,20,1,599.99,0.05
132,9,1,2999.99,0.1
133,13,2,269.99,0.05
133,22,1,269.99,0.2
134,19,2,449.0,0.1
134,2,2,749.99,0.07
134,18,2,449.0,0.07
135,5,2,1320.99,0.05
135,18,2,449.0,0.05
135,25,1,499.99,0.2
135,2,1,749.99,0.05
136,7,2,3999.99,0.2
136,3,2,999.99,0.05
137,23,1,299.99,0.07
137,22,1,269.99,0.1
138,16,2,599.99,0.1
138,6,1,469.99,0.2
139,19,2,449.0,0.07
139,3,1,999.99,0.07
140,15,1,529.99,0.2
140,21,1,269.99,0.2
140,12,2,549.99,0.2
140,3,1,999.99,0.05
141,18,1,449.0,0.2
142,16,2,599.99,0.1
142,11,2,1680.99,0.1
142,19,1,449.0,0.07
143,6,1,469.99,0.2
144,8,2,1799.99,0.05
145,11,1,1680.99,0.2
145,9,2,2999.99,0.1
146,3,2,999.99,0.2
146,12,1,549.99,0.1
146,20,2,599.99,0.1
146,6,2,469.99,0.05
146,2,1,749.99,0.07
147,26,2,599.99,0.2
148,14,1,269.99,0.05
149,12,2,549.99,0.07
149,21,2,269.99,0.07
150,7,1,3999.99,0.1
150,3,1,999.99,0.2
150,17,1,429.0,0.07
150,25,2,499.99,0.07
151,17,1,429.0,0.1
151,26,1,599.99,0.1
152,6,2,469.99,0.2
152,22,2,269.99,0.2
152,16,2,599.99,0.07
153,16,1,599.99,0.07
153,8,1,1799.99,0.07
153,15,2,529.99,0.05
154,12,1,549.99,0.1
155,8,1,1799.99,0.1
156,18,2,449.0,0.2
156,17,2,429.0,0.05
156,6,1,469.99,0.07
157,4,1,2899.99,0.1
157,7,2,3999.99,0.07
158,24,1,549.99,0.1
159,13,1,269.99,0.2
160,21,1,269.99,0.07
160,15,2,529.99,0.07
160,18,2,449.0,0.1
160,11,1,1680.99,0.05
161,24,2,549.99,0.07
161,22,1,269.99,0.05
161,7,2,3999.99,0.05
162,18,1,449.0,0.07
162,21,2,269.99,0.07
162,3,2,999.99,0.1
163,12,1,549.99,0.1
163,18,1,449.0,0.2
164,4,2,2899.99,0.05
164,10,2,1549.0,0.05
164,14,1,269.99,0.1
165,4,2,2899.99,0.05
165,23,1,299.99,0.2
165,2,1,749.99,0.05
166,10,2,1549.0,0.1
166,11,1,1680.99,0.2
167,12,1,549.99,0.05
167,10,1,1549.0,0.2
167,13,2,269.99,0.05
167,7,2,3999.99,0.05
168,6,1,469.99,0.1
168,11,2,1680.99,0.07
168,12,2,549.99,0.07
168,22,2,269.99,0.2
169,20,2,599.99,0.1
169,5,1,1320.99,0.05
169,10,1,1549.0,0.2
169,11,1,1680.99,0.2
169,14,2,269.99,0.05
170,12,2,549.99,0.1
170,24,1,549.99,0.05
170,7,1,3999.99,0.2
170,18,2,449.0,0.05
171,8,1,1799.99,0.05
172,23,1,299.99,0.07
172,16,1,599.99,0.2
173,14,1,269.99,0.05
173,16,1,599.99,0.2
173,20,2,599.99,0.05
174,22,2,269.99,0.2
174,19,2,449.0,0.1
175,5,1,1320.99,0.1
175,2,2,749.99,0.2
175,21,2,269.99,0.1
175,19,1,449.0,0.07
176,2,2,749.99,0.07
176,11,2,1680.99,0.2
176,16,2,599.99,0.05
177,20,2,599.99,0.1
178,10,2,1549.0,0.2
178,12,1,549.99,0.05
178,3,1,999.99,0.1
178,18,1,449.0,0.07
179,13,2,269.99,0.05
179,26,1,599.99,0.1
179,18,1,449.0,0.2
179,12,2,549.99,0.2
179,20,2,599.99,0.1
180,16,1,599.99,0.07
181,10,1,1549.0,0.05
181,11,1,1680.99,0.1
181,15,2,529.99,0.2
181,24,2,549.99,0.05
182,25,2,499.99,0.05
182,24,2,549.99,0.07
183,11,2,1680.99,0.2
183,12,2,549.99,0.05
183,19,1,449.0,0.07
183,17,1,429.0,0.07
184,4,1,2899.99,0.2
184,5,1,1320.99,0.1
184,14,1,269.99,0.1
185,20,1,599.99,0.1
185,8,1,1799.99,0.05
186,4,1,2899.99,0.1
186,6,1,469.99,0.1
187,5,1,1320.99,0.05
188,7,2,3999.99,0.07
189,16,2,599.99,0.2
190,24,1,549.99,0.05
190,15,1,529.99,0.2
190,3,2,999.99,0.2
191,25,1,499.99,0.05
191,12,2,549.99,0.2
191,3,1,999.99,0.07
191,8,2,1799.99,0.05
191,23,1,299.99,0.05
192,8,2,1799.99,0.1
192,25,1,499.99,0.07
192,2,1,749.99,0.05
192,24,2,549.99,0.07
192,10,2,1549.0,0.2
193,12,2,549.99,0.1
194,21,2,269.99,0.2
195,18,1,449.0,0.2
195,14,1,269.99,0.05
195,5,2,1320.99,0.2
195,4,2,2899.99,0.2
195,21,2,269.99,0.1
196,6,1,469.99,0.05
196,3,2,999.99,0.07
196,10,2,1549.0,0.07
196,12,1,549.99,0.07
196,20,1,599.99,0.1
197,4,2,2899.99,0.2
197,2,2,749.99,0.07
198,6,2,469.99,0.05
198,20,2,599.99,0.07
198,8,2,1799.99,0.2
198,13,2,269.99,0.05
198,17,1,429.0,0.05
199,25,2,499.99,0.05
199,18,2,449.0,0.07
199,4,1,2899.99,0.2
200,23,2,299.99,0.05
200,22,2,269.99,0.07
201,24,1,549.99,0.05
201,7,1,3999.99,0.2
201,14,2,269.99,0.1
201,17,1,429.0,0.05
202,8,1,1799.99,0.07
202,17,1,429.0,0.05
202,15,2,529.99,0.05
202,25,2,499.99,0.05
203,26,1,599.99,0.05
203,3,2,999.99,0.1
203,17,2,429.0,0.2
203,19,2,449.0,0.07
204,6,2,469.99,0.07
204,17,2,429.0,0.1
205,22,2,269.99,0.05
205,24,2,549.99,0.1
206,25,1,499.99,0.05
206,20,1,599.99,0.2
207,12,2,549.99,0.2
207,5,1,1320.99,0.05
207,11,2,1680.99,0.07
207,7,2,3999.99,0.1
208,6,2,469.99,0.05
208,4,2,2899.99,0.07
208,3,1,999.99,0.05
208,12,1,549.99,0.2
208,10,2,1549.0,0.05
209,13,1,269.99,0.1
210,14,1,269.99,0.07
210,13,2,269.99,0.2
211,10,1,1549.0,0.07
211,2,2,749.99,0.07
212,16,2,599.99,0.07
212,12,2,549.99,0.2
212,19,1,449.0,0.1
212,7,1,3999.99,0.2
213,13,1,269.99,0.1
214,21,1,269.99,0.1
215,19,1,449.0,0.07
215,12,2,549.99,0.1
216,22,2,269.99,0.1
216,16,2,599.99,0.05
217,18,1,449.0,0.1
217,10,2,1549.0,0.1
217,17,1,429.0,0.07
218,2,2,749.99,0.1
218,13,1,269.99,0.07
218,12,1,549.99,0.05
219,26,1,599.99,0.05
219,5,1,1320.99,0.2
220,6,2,469.99,0.05
220,25,1,499.99,0.07
220,22,2,269.99,0.1
220,3,2,999.99,0.2
221,11,2,1680.99,0.07
222,10,1,1549.0,0.1
222,2,2,749.99,0.1
223,7,2,3999.99,0.05
223,5,1,1320.99,0.2
223,21,2,269.99,0.1
223,20,1,599.99,0.05
223,15,1,529.99,0.05
224,6,1,469.99,0.07
224,11,2,1680.99,0.1
224,10,2,1549.0,0.2
224,25,1,499.99,0.05
225,21,1,269.99,0.1
225,9,1,2999.99,0.1
226,2,1,749.99,0.05
227,3,2,999.99,0.05
227,15,2,529.99,0.1
228,25,1,499.99,0.2
228,2,2,749.99,0.07
228,23,2,299.99,0.1
228,4,1,2899.99,0.2
228,22,1,269.99,0.05
229,25,2,499.99,0.2
229,5,2,1320.99,0.1
229,8,1,1799.99,0.2
230,11,2,1680.99,0.07
231,8,2,1799.99,0.07
231,14,2,269.99,0.2
231,5,2,1320.99,0.2
232,18,1,449.0,0.07
232,11,2,1680.99,0.05
232,26,2,599.99,0.07
232,8,2,1799.99,0.1
233,14,1,269.99,0.1
233,16,2,599.99,0.1
233,12,1,549.99,0.2
233,15,2,529.99,0.07
234,11,2,1680.99,0.2
234,17,2,429.0,0.05
234,12,1,549.99,0.1
234,7,1,3999.99,0.05
234,23,1,299.99,0.1
235,6,1,469.99,0.07
235,13,2,269.99,0.05
235,7,2,3999.99,0.05
236,3,2,999.99,0.07
236,2,2,749.99,0.1
236,4,2,2899.99,0.1
237,15,1,529.99,0.2
237,24,1,549.99,0.07
237,20,2,599.99,0.2
237,26,1,599.99,0.05
238,20,2,599.99,0.2
238,25,1,499.99,0.07
238,13,2,269.99,0.2
238,22,2,269.99,0.05
238,7,1,3999.99,0.07
239,16,2,599.99,0.1
239,21,2,269.99,0.05
239,18,1,449.0,0.07
239,4,2,2899.99,0.07
240,9,1,2999.99,0.07
240,8,1,1799.99,0.07
240,5,1,1320.99,0.07
240,18,2,449.0,0.07
241,7,1,3999.99,0.2
242,3,1,999.99,0.2
243,25,2,499.99,0.05
243,19,2,449.0,0.07
243,7,2,3999.99,0.05
244,19,1,449.0,0.07
244,25,1,499.99,0.2
244,22,1,269.99,0.1
245,10,2,1549.0,0.05
245,8,1,1799.99,0.1
246,17,2,429.0,0.2
247,25,1,499.99,0.07
247,3,1,999.99,0.2
248,13,1,269.99,0.1
248,26,2,599.99,0.1
248,17,1,429.0,0.1
248,9,1,2999.99,0.2
249,7,2,3999.99,0.05
249,18,2,449.0,0.05
249,22,1,269.99,0.1
250,17,2,429.0,0.05
250,11,2,1680.99,0.1
251,23,2,299.99,0.2
251,22,2,269.99,0.05
252,11,2,1680.99,0.1
252,4,1,2899.99,0.07
252,19,1,449.0,0.1
253,11,2,1680.99,0.07
254,6,2,469.99,0.07
254,3,1,999.99,0.05
254,12,1,549.99,0.05
255,5,2,1320.99,0.1
255,14,1,269.99,0.2
255,2,2,749.99,0.2
255,21,1,269.99,0.07
256,11,1,1680.99,0.1
256,21,1,269.99,0.05
257,8,2,1799.99,0.07
257,13,2,269.99,0.2
257,10,2,1549.0,0.1
257,15,1,529.99,0.1
258,8,2,1799.99,0.05
258,4,1,2899.99,0.07
258,19,1,449.0,0.07
258,18,1,449.0,0.05
259,26,1,599.99,0.05
259,6,2,469.99,0.1
259,2,2,749.99,0.2
259,4,1,2899.99,0.1
260,23,2,299.99,0.2
260,10,1,1549.0,0.2
260,24,2,549.99,0.2
261,16,2,599.99,0.05
261,14,1,269.99,0.1
261,17,2,429.0,0.1
262,2,1,749.99,0.07
262,9,2,2999.99,0.05
263,9,1,2999.99,0.07
263,3,1,999.99,0.2
263,2,2,749.99,0.05
264,10,1,1549.0,0.2
264,24,2,549.99,0.05
264,15,2,529.99,0.1
264,3,2,999.99,0.07
265,9,2,2999.99,0.2
266,6,2,469.99,0.07
266,19,1,449.0,0.2
266,25,1,499.99,0.05
267,22,2,269.99,0.2
267,23,2,299.99,0.1
267,24,1,549.99,0.1
267,7,2,3999.99,0.07
267,21,1,269.99,0.05
268,7,1,3999.99,0.05
268,6,2,469.99,0.2
268,9,1,2999.99,0.1
269,5,1,1320.99,0.07
269,23,2,299.99,0.07
269,18,1,449.0,0.05
269,3,1,999.99,0.05
270,25,2,499.99,0.2
270,15,1,529.99,0.1
271,11,2,1680.99,0.07
271,6,2,469.99,0.05
271,13,1,269.99,0.1
271,7,2,3999.99,0.1
272,2,2,749.99,0.07
272,11,1,1680.99,0.07
273,21,1,269.99,0.1
274,11,2,1680.99,0.05
274,25,2,499.99,0.1
274,9,2,2999.99,0.07
275,18,1,449.0,0.05
275,25,1,499.99,0.1
275,7,2,3999.99,0.05
276,3,2,999.99,0.2
276,17,1,429.0,0.05
276,9,2,2999.99,0.07
277,20,2,599.99,0.2
277,6,2,469.99,0.2
277,13,2,269.99,0.1
278,16,1,599.99,0.2
278,19,2,449.0,0.07
278,13,1,269.99,0.07
278,11,2,1680.99,0.07
279,25,1,499.99,0.07
280,25,1,499.99,0.07
280,26,2,599.99,0.07
280,13,1,269.99,0.07
281,22,1,269.99,0.07
281,14,2,269.99,0.1
281,7,2,3999.99,0.07
282,20,1,599.99,0.07
282,7,2,3999.99,0.07
282,3,2,999.99,0.05
282,16,2,599.99,0.07
283,9,1,2999.99,0.05
283,16,2,599.99,0.2
284,24,2,549.99,0.2
284,20,1,599.99,0.2
285,16,2,599.99,0.05
285,12,1,549.99,0.05
285,2,1,749.99,0.1
286,26,2,599.99,0.2
286,21,2,269.99,0.07
286,16,2,599.99,0.1
286,7,1,3999.99,0.1
287,5,1,1320.99,0.2
287,10,1,1549.0,0.05
287,2,1,749.99,0.05
287,20,1,599.99,0.05
288,4,1,2899.99,0.2
288,10,1,1549.0,0.1
288,7,2,3999.99,0.05
289,13,1,269.99,0.07
289,24,1,549.99,0.2
289,17,1,429.0,0.2
290,2,2,749.99,0.07
290,5,2,1320.99,0.07
290,21,1,269.99,0.1
291,6,2,469.99,0.05
291,21,2,269.99,0.07
292,18,2,449.0,0.1
292,4,1,2899.99,0.07
292,10,2,1549.0,0.05
293,19,2,449.0,0.05
293,6,1,469.99,0.2
294,18,1,449.0,0.2
294,14,1,269.99,0.2
294,7,2,3999.99,0.05
294,25,2,499.99,0.2
295,22,2,269.99,0.07
296,25,2,499.99,0.07
296,12,2,549.99,0.1
296,11,2,1680.99,0.1
296,9,1,2999.99,0.2
297,4,2,2899.99,0.2
298,23,1,299.99,0.2
298,6,2,469.99,0.05
298,22,1,269.99,0.2
298,9,1,2999.99,0.07
298,14,2,269.99,0.1
299,11,2,1680.99,0.05
299,10,2,1549.0,0.2
300,16,2,599.99,0.1
300,9,2,2999.99,0.1
300,10,1,1549.0,0.1
300,11,2,1680.99,0.2
301,6,1,469.99,0.05
301,22,1,269.99,0.1
302,24,2,549.99,0.2
302,18,2,449.0,0.07
302,2,2,749.99,0.2
303,8,2,1799.99,0.05
303,24,2,549.99,0.05
304,10,1,1549.0,0.05
304,7,2,3999.99,0.1
304,20,1,599.99,0.1
305,10,1,1549.0,0.07
305,6,1,469.99,0.1
305,3,2,999.99,0.2
306,10,1,1549.0,0.2
306,22,1,269.99,0.07
307,15,2,529.99,0.05
308,7,1,3999.99,0.1
308,18,2,449.0,0.2
308,14,1,269.99,0.2
309,3,1,999.99,0.05
309,12,1,549.99,0.05
310,7,2,3999.99,0.07
310,14,2,269.99,0.1
310,5,2,1320.99,0.2
310,8,1,1799.99,0.2
311,17,2,429.0,0.05
311,5,2,1320.99,0.2
312,24,2,549.99,0.05
312,14,2,269.99,0.07
312,16,2,599.99,0.05
313,4,1,2899.99,0.07
313,10,2,1549.0,0.07
314,5,1,1320.99,0.07
314,9,1,2999.99,0.05
314,22,2,269.99,0.2
314,7,2,3999.99,0.07
315,11,1,1680.99,0.2
315,9,1,2999.99,0.1
316,2,2,749.99,0.2
316,16,2,599.99,0.1
316,20,1,599.99,0.1
316,19,1,449.0,0.2
316,17,1,429.0,0.05
317,10,1,1549.0,0.2
317,22,1,269.99,0.05
317,15,1,529.99,0.05
317,13,2,269.99,0.2
318,13,2,269.99,0.1
318,25,2,499.99,0.2
318,9,1,2999.99,0.05
319,11,1,1680.99,0.07
319,21,1,269.99,0.2
319,15,2,529.99,0.1
319,23,1,299.99,0.05
320,2,1,749.99,0.1
321,4,2,2899.99,0.2
321,12,2,549.99,0.2
321,26,1,599.99,0.2
321,23,2,299.99,0.2
322,13,2,269.99,0.2
322,21,1,269.99,0.07
323,13,2,269.99,0.07
323,26,2,599.99,0.1
324,2,2,749.99,0.1
324,17,1,429.0,0.2
324,22,2,269.99,0.2
324,19,1,449.0,0.05
324,12,1,549.99,0.05
325,7,1,3999.99,0.05
325,12,1,549.99,0.2
325,6,2,469.99,0.2
326,12,1,549.99,0.1
326,23,1,299.99,0.07
327,12,2,549.99,0.07
327,13,1,269.99,0.07
327,4,1,2899.99,0.05
328,6,2,469.99,0.1
329,14,2,269.99,0.07
329,8,2,1799.99,0.05
329,23,1,299.99,0.2
329,17,1,429.0,0.07
329,26,2,599.99,0.05
330,21,2,269.99,0.05
331,17,2,429.0,0.1
332,18,2,449.0,0.05
333,18,2,449.0,0.07
333,8,2,1799.99,0.05
333,3,1,999.99,0.2
334,16,2,599.99,0.2
334,9,1,2999.99,0.05
334,3,2,999.99,0.05
335,6,1,469.99,0.1
335,2,2,749.99,0.1
335,21,1,269.99,0.07
336,4,1,2899.99,0.1
336,12,1,549.99,0.2
337,18,1,449.0,0.05
337,4,1,2899.99,0.05
338,6,2,469.99,0.07
338,10,1,1549.0,0.07
338,22,1,269.99,0.1
338,11,2,1680.99,0.07
338,9,1,2999.99,0.05
339,13,1,269.99,0.1
339,15,2,529.99,0.05
340,11,1,1680.99,0.05
340,24,1,549.99,0.05
340,13,2,269.99,0.1
340,12,2,549.99,0.07
340,10,2,1549.0,0.1
341,23,2,299.99,0.05
342,26,1,599.99,0.07
342,9,1,2999.99,0.2
342,16,2,599.99,0.1
343,20,2,599.99,0.2
343,25,1,499.99,0.05
343,5,2,1320.99,0.05
343,10,1,1549.0,0.1
344,22,1,269.99,0.05
344,18,2,449.0,0.07
344,14,1,269.99,0.2
345,18,2,449.0,0.1
345,24,2,549.99,0.07
346,13,1,269.99,0.07
346,23,1,299.99,0.2
346,21,1,269.99,0.1
346,15,1,529.99,0.05
346,18,2,449.0,0.05
347,23,1,299.99,0.07
348,5,2,1320.99,0.05
348,15,2,529.99,0.07
349,20,2,599.99,0.2
350,6,2,469.99,0.05
350,20,1,599.99,0.07
350,3,1,999.99,0.07
351,4,2,2899.99,0.05
351,24,2,549.99,0.1
351,20,1,599.99,0.2
351,22,2,269.99,0.07
352,11,1,1680.99,0.2
352,14,1,269.99,0.2
353,2,2,749.99,0.2
354,21,1,269.99,0.2
354,19,1,449.0,0.05
355,16,1,599.99,0.1
355,14,2,269.99,0.07
356,23,2,299.99,0.05
356,4,1,2899.99,0.05
356,13,1,269.99,0.05
357,17,2,429.0,0.05
357,21,2,269.99,0.07
357,24,1,549.99,0.07
357,9,1,2999.99,0.05
358,21,2,269.99,0.1
358,6,2,469.99,0.07
358,8,2,1799.99,0.05
358,18,2,449.0,0.1
359,15,2,529.99,0.07
359,9,2,2999.99,0.07
359,7,2,3999.99,0.2
360,26,1,599.99,0.05
360,7,2,3999.99,0.2
360,13,2,269.99,0.05
360,25,1,499.99,0.1
361,24,2,549.99,0.05
361,6,2,469.99,0.1
361,11,1,1680.99,0.1
362,2,1,749.99,0.07
363,21,2,269.99,0.1
363,14,1,269.99,0.07
363,15,1,529.99,0.1
363,20,1,599.99,0.2
364,25,2,499.99,0.05
365,24,2,549.99,0.07
366,21,1,269.99,0.1
366,4,1,2899.99,0.07
366,16,2,599.99,0.2
367,26,2,599.99,0.1
367,14,1,269.99,0.05
367,10,2,1549.0,0.05
368,5,1,1320.99,0.2
368,10,2,1549.0,0.2
368,21,2,269.99,0.1
368,19,1,449.0,0.05
369,10,2,1549.0,0.07
370,25,2,499.99,0.05
370,4,2,2899.99,0.1
371,14,1,269.99,0.2
371,12,1,549.99,0.2
372,11,1,1680.99,0.05
372,14,2,269.99,0.1
372,5,1,1320.99,0.1
373,8,2,1799.99,0.05
373,22,1,269.99,0.1
373,19,2,449.0,0.2
373,12,1,549.99,0.1
373,13,1,269.99,0.1
374,10,1,1549.0,0.1
374,7,1,3999.99,0.07
375,21,2,269.99,0.05
375,2,2,749.99,0.05
375,4,2,2899.99,0.07
375,12,2,549.99,0.05
376,2,2,749.99,0.07
376,23,2,299.99,0.1
377,8,1,1799.99,0.05
377,14,1,269.99,0.07
378,26,2,599.99,0.05
379,9,1,2999.99,0.07
379,16,1,599.99,0.2
380,16,1,599.99,0.05
380,11,2,1680.99,0.05
381,21,2,269.99,0.07
382,8,1,1799.99,0.1
382,9,1,2999.99,0.1
382,13,1,269.99,0.07
383,19,1,449.0,0.07
383,22,2,269.99,0.05
383,13,1,269.99,0.1
383,21,2,269.99,0.05
383,14,1,269.99,0.1
384,20,1,599.99,0.1
384,21,2,269.99,0.2
384,8,1,1799.99,0.05
384,15,1,529.99,0.1
384,4,1,2899.99,0.2
385,21,1,269.99,0.07
385,7,2,3999.99,0.2
385,26,2,599.99,0.05
386,8,1,1799.99,0.2
386,3,2,999.99,0.05
386,16,2,599.99,0.2
387,18,1,449.0,0.2
388,19,2,449.0,0.2
388,13,2,269.99,0.07
388,2,1,749.99,0.07
388,11,1,1680.99,0.1
389,2,1,749.99,0.07
389,15,2,529.99,0.07
389,10,2,1549.0,0.05
389,5,1,1320.99,0.05
389,9,1,2999.99,0.2
390,23,1,299.99,0.05
390,7,2,3999.99,0.07
390,9,1,2999.99,0.05
391,8,1,1799.99,0.07
391,5,2,1320.99,0.2
391,24,2,549.99,0.07
392,14,2,269.99,0.1
392,3,2,999.99,0.05
393,6,2,469.99,0.2
394,23,1,299.99,0.05
394,16,1,599.99,0.2
394,14,2,269.99,0.2
395,14,1,269.99,0.05
396,12,1,549.99,0.1
396,25,2,499.99,0.05
396,5,1,1320.99,0.2
397,7,1,3999.99,0.05
398,8,2,1799.99,0.05
398,18,2,449.0,0.05
398,25,1,499.99,0.2
398,17,1,429.0,0.05
399,25,1,499.99,0.05
399,11,2,1680.99,0.05
399,14,1,269.99,0.1
400,24,2,549.99,0.07
400,9,1,2999.99,0.2
400,3,2,999.99,0.2
401,23,1,299.99,0.2
401,10,2,1549.0,0.2
402,6,2,469.99,0.07
402,5,1,1320.99,0.07
402,26,1,599.99,0.05
403,12,2,549.99,0.1
403,7,2,3999.99,0.2
403,22,2,269.99,0.05
403,24,1,549.99,0.2
404,9,1,2999.99,0.07
404,25,2,499.99,0.05
404,16,2,599.99,0.2
405,3,2,999.99,0.2
405,10,2,1549.0,0.1
405,14,2,269.99,0.07
406,4,1,2899.99,0.2
407,20,1,599.99,0.2
407,5,1,1320.99,0.05
408,18,1,449.0,0.2
408,3,1,999.99,0.07
408,2,2,749.99,0.07
408,17,2,429.0,0.2
409,15,1,529.99,0.07
409,16,2,599.99,0.2
409,21,1,269.99,0.05
410,25,1,499.99,0.1
410,9,2,2999.99,0.05
410,24,2,549.99,0.1
411,2,1,749.99,0.07
411,26,2,599.99,0.05
412,7,1,3999.99,0.1
412,24,1,549.99,0.07
412,17,1,429.0,0.1
413,8,2,1799.99,0.05
413,25,1,499.99,0.1
413,9,1,2999.99,0.07
414,4,2,2899.99,0.1
415,3,1,999.99,0.07
415,23,2,299.99,0.2
415,5,1,1320.99,0.2
415,6,2,469.99,0.05
416,22,1,269.99,0.07
416,14,1,269.99,0.07
416,24,1,549.99,0.1
417,26,2,599.99,0.07
417,6,2,469.99,0.07
418,12,1,549.99,0.05
418,20,1,599.99,0.05
419,9,1,2999.99,0.05
420,17,2,429.0,0.2
420,15,2,529.99,0.1
420,3,2,999.99,0.05
421,6,2,469.99,0.07
421,3,2,999.99,0.2
421,20,2,599.99,0.2
421,4,1,2899.99,0.07
421,23,2,299.99,0.2
422,20,2,599.99,0.05
423,8,2,1799.99,0.05
423,17,1,429.0,0.2
423,23,2,299.99,0.07
423,2,1,749.99,0.2
424,22,1,269.99,0.1
424,6,1,469.99,0.05
425,6,1,469.99,0.1
425,21,2,269.99,0.07
425,19,1,449.0,0.05
426,10,1,1549.0,0.1
426,23,2,299.99,0.05
427,12,2,549.99,0.07
427,15,2,529.99,0.1
427,26,2,599.99,0.07
428,5,2,1320.99,0.2
428,14,1,269.99,0.2
429,11,1,1680.99,0.2
429,4,2,2899.99,0.1
429,5,2,1320.99,0.05
429,6,1,469.99,0.07
429,2,1,749.99,0.1
430,22,2,269.99,0.1
430,11,1,1680.99,0.07
430,4,2,2899.99,0.2
430,13,2,269.99,0.2
430,8,1,1799.99,0.2
431,14,2,269.99,0.2
431,6,1,469.99,0.1
431,18,1,449.0,0.2
431,13,2,269.99,0.07
431,19,1,449.0,0.07
432,10,2,1549.0,0.2
432,7,2,3999.99,0.05
433,6,1,469.99,0.1
433,10,1,1549.0,0.2
433,24,1,549.99,0.1
433,4,1,2899.99,0.2
434,21,1,269.99,0.05
434,20,1,599.99,0.1
434,9,1,2999.99,0.2
434,11,2,1680.99,0.07
434,18,2,449.0,0.05
435,22,1,269.99,0.05
435,9,1,2999.99,0.05
435,18,1,449.0,0.05
436,3,1,999.99,0.05
436,23,1,299.99,0.2
437,3,1,999.99,0.05
437,10,1,1549.0,0.05
437,8,2,1799.99,0.05
438,4,1,2899.99,0.07
438,22,1,269.99,0.1
438,8,2,1799.99,0.05
438,13,2,269.99,0.05
439,6,2,469.99,0.07
439,7,2,3999.99,0.05
440,19,2,449.0,0.07
440,4,2,2899.99,0.07
441,12,1,549.99,0.07
441,15,1,529.99,0.1
442,16,2,599.99,0.07
442,26,2,599.99,0.2
442,6,2,469.99,0.2
443,5,1,1320.99,0.05
443,26,1,599.99,0.2
444,22,1,269.99,0.07
444,15,2,529.99,0.07
444,20,2,599.99,0.05
444,16,1,599.99,0.1
444,10,2,1549.0,0.2
445,7,1,3999.99,0.2
445,16,1,599.99,0.07
445,23,1,299.99,0.2
446,22,1,269.99,0.2
446,16,2,599.99,0.07
447,4,2,2899.99,0.05
447,3,1,999.99,0.1
447,8,1,1799.99,0.07
448,13,2,269.99,0.05
448,6,2,469.99,0.05
449,17,2,429.0,0.05
449,2,1,749.99,0.05
449,7,2,3999.99,0.07
449,26,2,599.99,0.2
450,24,1,549.99,0.05
450,12,1,549.99,0.07
450,5,1,1320.99,0.1
451,14,2,269.99,0.05
452,11,1,1680.99,0.05
452,16,1,599.99,0.05
452,7,2,3999.99,0.1
452,8,1,1799.99,0.1
453,23,1,299.99,0.05
453,20,2,599.99,0.2
453,4,1,2899.99,0.2
454,25,2,499.99,0.07
454,13,2,269.99,0.05
454,24,2,549.99,0.1
455,9,1,2999.99,0.05
456,17,2,429.0,0.07
456,23,1,299.99,0.07
457,24,2,549.99,0.07
457,2,1,749.99,0.05
457,7,2,3999.99,0.1
457,17,1,429.0,0.2
458,2,1,749.99,0.2
458,21,2,269.99,0.07
458,11,1,1680.99,0.1
458,24,1,549.99,0.2
458,3,2,999.99,0.2
459,11,1,1680.99,0.2
460,19,1,449.0,0.05
460,18,2,449.0,0.07
460,4,1,2899.99,0.2
460,22,2,269.99,0.1
461,16,1,599.99,0.07
461,4,1,2899.99,0.2
461,8,2,1799.99,0.05
461,24,1,549.99,0.1
461,18,2,449.0,0.1
462,12,2,549.99,0.1
463,13,2,269.99,0.07
464,7,1,3999.99,0.1
465,6,2,469.99,0.1
465,25,2,499.99,0.1
466,19,2,449.0,0.2
466,6,1,469.99,0.2
466,7,2,3999.99,0.05
466,15,1,529.99,0.1
466,5,1,1320.99,0.1
467,19,1,449.0,0.07
467,10,1,1549.0,0.07
467,22,2,269.99,0.1
467,17,2,429.0,0.07
467,11,1,1680.99,0.1
468,19,1,449.0,0.1
468,9,2,2999.99,0.05
468,10,2,1549.0,0.05
468,25,1,499.99,0.1
469,8,2,1799.99,0.1
469,4,1,2899.99,0.07
469,15,2,529.99,0.2
470,18,1,449.0,0.05
470,13,1,269.99,0.05
470,8,2,1799.99,0.2
471,14,1,269.99,0.2
471,13,2,269.99,0.05
472,15,1,529.99,0.1
472,21,2,269.99,0.1
473,26,1,599.99,0.07
474,19,2,449.0,0.05
474,11,1,1680.99,0.2
475,17,2,429.0,0.07
475,26,2,599.99,0.2
475,25,1,499.99,0.2
476,22,2,269.99,0.07
476,4,2,2899.99,0.2
476,11,2,1680.99,0.07
476,20,2,599.99,0.05
477,6,1,469.99,0.1
477,10,1,1549.0,0.05
478,21,2,269.99,0.07
479,26,1,599.99,0.07
479,12,1,549.99,0.05
479,21,1,269.99,0.2
479,7,1,3999.99,0.05
479,10,1,1549.0,0.2
480,4,1,2899.99,0.05
480,15,1,529.99,0.05
480,23,2,299.99,0.07
481,13,2,269.99,0.2
481,16,2,599.99,0.07
481,9,2,2999.99,0.1
482,13,1,269.99,0.2
482,14,1,269.99,0.1
483,17,1,429.0,0.07
484,8,2,1799.99,0.1
484,24,1,549.99,0.05
484,9,2,2999.99,0.05
484,6,1,469.99,0.2
485,13,1,269.99,0.1
485,26,2,599.99,0.05
486,9,1,2999.99,0.07
486,23,2,299.99,0.05
487,6,1,469.99,0.2
488,13,2,269.99,0.07
488,23,2,299.99,0.05
488,22,1,269.99,0.05
489,8,2,1799.99,0.1
490,12,1,549.99,0.1
490,23,1,299.99,0.05
490,14,1,269.99,0.1
490,13,2,269.99,0.07
491,9,2,2999.99,0.2
491,21,2,269.99,0.05
491,15,2,529.99,0.05
492,6,1,469.99,0.1
492,22,2,269.99,0.1
492,26,1,599.99,0.05
493,15,1,529.99,0.05
493,18,2,449.0,0.05
493,26,1,599.99,0.05
494,23,1,299.99,0.1
495,22,1,269.99,0.2
495,9,1,2999.99,0.05
496,23,1,299.99,0.2
496,13,1,269.99,0.1
496,21,2,269.99,0.2
497,25,2,499.99,0.07
498,24,1,549.99,0.07
498,21,1,269.99,0.1
498,10,1,1549.0,0.07
499,11,1,1680.99,0.2
499,15,1,529.99,0.07
499,14,2,269.99,0.2
499,20,2,599.99,0.1
500,12,2,549.99,0.05
500,14,1,269.99,0.2
501,19,2,449.0,0.05
501,8,1,1799.99,0.07
501,14,1,269.99,0.1
501,23,2,299.99,0.07
502,13,1,269.99,0.05
503,13,2,269.99,0.07
503,10,1,1549.0,0.05
504,24,2,549.99,0.1
504,2,2,749.99,0.05
505,26,1,599.99,0.2
506,25,1,499.99,0.1
506,7,1,3999.99,0.07
507,11,2,1680.99,0.05
507,13,2,269.99,0.07
507,20,2,599.99,0.1
508,8,1,1799.99,0.05
508,2,2,749.99,0.05
508,10,2,1549.0,0.05
508,25,1,499.99,0.07
509,23,2,299.99,0.2
509,4,2,2899.99,0.05
510,17,1,429.0,0.1
511,22,2,269.99,0.05
511,13,1,269.99,0.1
512,21,1,269.99,0.07
513,7,1,3999.99,0.07
513,13,1,269.99,0.2
513,23,1,299.99,0.07
514,18,2,449.0,0.2
514,17,2,429.0,0.07
515,8,1,1799.99,0.07
515,5,1,1320.99,0.1
515,25,2,499.99,0.07
515,6,2,469.99,0.2
516,7,1,3999.99,0.05
516,5,2,1320.99,0.1
517,21,2,269.99,0.07
518,16,2,599.99,0.2
518,5,2,1320.99,0.05
518,25,2,499.99,0.05
518,15,2,529.99,0.2
518,11,2,1680.99,0.07
519,6,1,469.99,0.07
519,16,1,599.99,0.1
519,23,2,299.99,0.05
519,18,2,449.0,0.2
519,7,1,3999.99,0.05
520,26,1,599.99,0.1
520,24,1,549.99,0.2
520,10,1,1549.0,0.07
521,5,1,1320.99,0.2
521,14,1,269.99,0.2
522,4,2,2899.99,0.07
522,22,2,269.99,0.07
522,21,1,269.99,0.05
523,12,1,549.99,0.2
523,20,1,599.99,0.05
523,5,2,1320.99,0.1
523,16,2,599.99,0.07
524,11,1,1680.99,0.07
524,2,1,749.99,0.05
524,9,1,2999.99,0.2
524,3,2,999.99,0.07
524,26,1,599.99,0.05
525,9,2,2999.99,0.07
525,6,2,469.99,0.07
525,10,1,1549.0,0.1
526,3,2,999.99,0.1
526,8,1,1799.99,0.1
526,21,1,269.99,0.05
526,15,1,529.99,0.07
527,18,2,449.0,0.07
527,4,1,2899.99,0.2
527,19,1,449.0,0.1
527,9,2,2999.99,0.2
528,21,2,269.99,0.05
529,12,2,549.99,0.07
530,2,2,749.99,0.05
530,4,1,2899.99,0.07
530,6,2,469.99,0.2
531,6,1,469.99,0.2
531,12,2,549.99,0.2
531,25,1,499.99,0.07
532,17,2,429.0,0.07
532,16,2,599.99,0.2
532,12,1,549.99,0.1
533,4,1,2899.99,0.2
533,12,2,549.99,0.1
533,10,1,1549.0,0.2
533,25,1,499.99,0.05
534,21,2,269.99,0.05
534,9,2,2999.99,0.05
534,2,1,749.99,0.07
534,24,2,549.99,0.1
535,24,1,549.99,0.05
535,15,1,529.99,0.1
535,22,2,269.99,0.1
536,22,1,269.99,0.1
536,2,1,749.99,0.1
536,12,2,549.99,0.05
536,14,1,269.99,0.07
537,10,1,1549.0,0.05
537,26,1,599.99,0.05
537,17,2,429.0,0.1
537,25,2,499.99,0.2
538,2,2,749.99,0.2
539,9,2,2999.99,0.1
539,23,1,299.99,0.05
539,21,2,269.99,0.07
540,19,1,449.0,0.1
540,26,2,599.99,0.1
540,23,2,299.99,0.07
541,22,2,269.99,0.05
542,16,2,599.99,0.2
542,9,1,2999.99,0.1
542,20,1,599.99,0.1
542,19,2,449.0,0.2
543,25,1,499.99,0.2
543,18,1,449.0,0.2
543,26,2,599.99,0.05
544,12,1,549.99,0.05
544,17,1,429.0,0.1
544,21,1,269.99,0.05
545,25,2,499.99,0.2
545,6,1,469.99,0.07
545,24,1,549.99,0.2
545,20,2,599.99,0.07
546,17,2,429.0,0.05
546,8,1,1799.99,0.1
546,18,2,449.0,0.07
547,11,2,1680.99,0.05
547,9,1,2999.99,0.2
547,5,1,1320.99,0.1
548,8,1,1799.99,0.1
548,11,2,1680.99,0.07
549,15,1,529.99,0.07
549,16,1,599.99,0.05
549,3,1,999.99,0.07
549,7,1,3999.99,0.05
549,13,2,269.99,0.1
550,4,1,2899.99,0.05
551,16,1,599.99,0.05
551,26,1,599.99,0.07
551,11,2,1680.99,0.2
551,15,2,529.99,0.2
552,23,1,299.99,0.2
552,2,1,749.99,0.2
552,24,1,549.99,0.2
552,18,1,449.0,0.1
552,19,2,449.0,0.2
553,24,1,549.99,0.1
553,18,2,449.0,0.07
553,12,1,549.99,0.07
554,3,2,999.99,0.07
554,22,1,269.99,0.05
554,4,2,2899.99,0.2
555,8,1,1799.99,0.2
555,7,1,3999.99,0.1
555,20,2,599.99,0.07
556,16,1,599.99,0.1
556,4,2,2899.99,0.2
557,9,2,2999.99,0.1
557,10,1,1549.0,0.1
558,7,1,3999.99,0.07
558,16,1,599.99,0.07
558,9,1,2999.99,0.1
558,21,2,269.99,0.05
558,10,2,1549.0,0.07
559,15,2,529.99,0.1
559,6,1,469.99,0.1
559,7,2,3999.99,0.07
560,16,1,599.99,0.05
560,26,2,599.99,0.1
561,15,2,529.99,0.05
561,18,1,449.0,0.05
561,5,1,1320.99,0.05
561,17,2,429.0,0.07
562,25,2,499.99,0.07
562,26,1,599.99,0.05
563,6,2,469.99,0.1
563,19,1,449.0,0.05
563,13,2,269.99,0.1
564,4,1,2899.99,0.2
564,15,1,529.99,0.2
565,18,1,449.0,0.2
565,25,2,499.99,0.1
565,9,1,2999.99,0.05
565,17,1,429.0,0.1
566,24,2,549.99,0.07
566,7,2,3999.99,0.2
566,8,1,1799.99,0.1
566,21,2,269.99,0.2
567,9,1,2999.99,0.2
567,5,1,1320.99,0.07
568,5,1,1320.99,0.05
568,10,1,1549.0,0.05
569,16,1,599.99,0.05
569,24,2,549.99,0.1
570,18,1,449.0,0.07
570,24,2,549.99,0.1
570,3,2,999.99,0.2
570,11,1,1680.99,0.1
570,16,1,599.99,0.05
571,4,1,2899.99,0.05
571,9,1,2999.99,0.1
572,3,1,999.99,0.05
572,13,2,269.99,0.1
572,11,2,1680.99,0.2
573,2,1,749.99,0.2
574,26,1,599.99,0.05
574,13,2,269.99,0.1
574,12,2,549.99,0.1
574,23,2,299.99,0.1
574,11,2,1680.99,0.05
575,4,2,2899.99,0.07
575,12,1,549.99,0.2
576,9,1,2999.99,0.1
577,3,2,999.99,0.2
578,21,1,269.99,0.07
578,25,2,499.99,0.2
578,18,2,449.0,0.05
578,8,2,1799.99,0.2
579,7,2,3999.99,0.05
579,6,1,469.99,0.2
580,16,2,599.99,0.2
580,15,1,529.99,0.07
580,21,2,269.99,0.2
580,9,2,2999.99,0.07
580,19,1,449.0,0.2
581,8,2,1799.99,0.07
582,10,2,1549.0,0.2
582,17,2,429.0,0.07
583,15,2,529.99,0.2
584,19,1,449.0,0.07
584,23,1,299.99,0.07
584,15,1,529.99,0.1
584,22,1,269.99,0.05
584,8,2,1799.99,0.07
585,10,1,1549.0,0.2
585,18,2,449.0,0.2
585,15,1,529.99,0.05
585,12,2,549.99,0.07
586,11,2,1680.99,0.1
586,23,2,299.99,0.2
587,24,1,549.99,0.05
587,23,1,299.99,0.05
587,18,1,449.0,0.05
587,21,1,269.99,0.2
588,10,2,1549.0,0.07
588,23,1,299.99,0.2
589,15,2,529.99,0.05
590,2,2,749.99,0.1
590,20,1,599.99,0.07
590,8,2,1799.99,0.05
590,5,2,1320.99,0.1
590,24,1,549.99,0.1
591,16,2,599.99,0.05
591,25,2,499.99,0.05
591,2,2,749.99,0.1
592,21,2,269.99,0.1
592,16,1,599.99,0.05
592,18,2,449.0,0.07
593,3,2,999.99,0.1
593,25,1,499.99,0.07
594,26,1,599.99,0.1
594,21,2,269.99,0.05
595,4,1,2899.99,0.07
595,19,2,449.0,0.07
595,3,1,999.99,0.07
595,10,1,1549.0,0.07
595,26,2,599.99,0.05
596,5,1,1320.99,0.05
596,23,2,299.99,0.1
596,9,1,2999.99,0.05
597,17,2,429.0,0.2
597,8,1,1799.99,0.07
598,4,2,2899.99,0.05
598,16,2,599.99,0.07
598,14,1,269.99,0.1
599,9,2,2999.99,0.05
599,22,2,269.99,0.2
599,23,1,299.99,0.07
599,10,2,1549.0,0.1
600,26,2,599.99,0.07
600,4,1,2899.99,0.2
600,18,2,449.0,0.07
601,12,2,549.99,0.2
602,15,2,529.99,0.05
602,5,2,1320.99,0.07
603,12,1,549.99,0.07
603,4,1,2899.99,0.1
604,10,2,1549.0,0.07
604,9,2,2999.99,0.2
605,19,1,449.0,0.07
605,25,2,499.99,0.05
605,13,2,269.99,0.2
605,11,1,1680.99,0.2
606,6,2,469.99,0.2
606,18,2,449.0,0.05
607,11,2,1680.99,0.2
607,26,2,599.99,0.2
607,14,1,269.99,0.07
608,4,2,2899.99,0.2
608,7,2,3999.99,0.1
608,24,1,549.99,0.1
609,10,1,1549.0,0.07
609,7,1,3999.99,0.1
609,22,2,269.99,0.1
609,5,1,1320.99,0.1
610,26,1,599.99,0.1
610,24,1,549.99,0.07
610,18,2,449.0,0.07
610,3,1,999.99,0.07
610,8,1,1799.99,0.1
611,16,2,599.99,0.07
612,13,1,269.99,0.1
612,14,1,269.99,0.1
612,17,1,429.0,0.07
612,20,1,599.99,0.2
613,9,2,2999.99,0.1
613,18,2,449.0,0.05
613,12,1,549.99,0.07
614,18,1,449.0,0.1
614,21,1,269.99,0.05
615,11,1,1680.99,0.07
615,23,1,299.99,0.05
615,6,2,469.99,0.1
615,19,2,449.0,0.1
616,24,1,549.99,0.2
616,16,2,599.99,0.2
617,15,2,529.99,0.2
617,11,2,1680.99,0.07
618,17,2,429.0,0.1
618,11,1,1680.99,0.07
619,25,1,499.99,0.07
620,5,2,1320.99,0.2
621,17,2,429.0,0.07
622,9,2,2999.99,0.07
622,18,1,449.0,0.1
622,10,1,1549.0,0.2
622,25,1,499.99,0.07
623,8,1,1799.99,0.07
624,21,2,269.99,0.05
624,16,1,599.99,0.07
624,22,1,269.99,0.07
624,14,2,269.99,0.2
625,17,1,429.0,0.07
625,11,2,1680.99,0.2
625,26,1,599.99,0.07
625,23,2,299.99,0.1
626,15,1,529.99,0.2
627,19,1,449.0,0.07
627,9,2,2999.99,0.2
627,26,1,599.99,0.07
628,15,2,529.99,0.1
629,19,1,449.0,0.05
629,5,2,1320.99,0.05
629,23,2,299.99,0.1
629,14,2,269.99,0.05
629,6,2,469.99,0.1
630,5,1,1320.99,0.05
630,25,1,499.99,0.1
630,18,2,449.0,0.1
630,21,2,269.99,0.07
631,24,2,549.99,0.07
631,15,2,529.99,0.07
632,25,1,499.99,0.2
632,11,2,1680.99,0.1
632,15,1,529.99,0.07
632,6,1,469.99,0.05
632,22,2,269.99,0.1
633,12,2,549.99,0.05
633,13,2,269.99,0.2
633,5,2,1320.99,0.2
633,10,2,1549.0,0.2
634,4,2,2899.99,0.05
634,12,1,549.99,0.1
635,4,1,2899.99,0.05
636,85,2,329.99,0.2
637,9,1,2999.99,0.1
637,106,2,449.99,0.1
638,103,1,551.99,0.05
638,56,1,5499.99,0.2
638,53,2,749.99,0.05
639,15,1,529.99,0.07
639,73,1,749.99,0.05
639,72,1,619.99,0.05
639,61,2,4999.99,0.1
640,106,2,449.99,0.05
640,32,1,469.99,0.07
640,30,1,999.99,0.07
640,76,2,299.99,0.07
640,109,2,416.99,0.2
641,15,1,529.99,0.05
641,62,1,3499.99,0.2
641,64,1,489.99,0.2
642,68,2,449.99,0.07
643,53,1,749.99,0.05
644,9,1,2999.99,0.07
645,99,1,299.99,0.07
645,42,2,2299.99,0.05
645,6,1,469.99,0.05
645,47,2,5299.99,0.07
645,21,2,269.99,0.07
646,15,2,529.99,0.2
646,4,1,2899.99,0.07
646,95,1,299.99,0.05
646,12,1,549.99,0.2
647,25,2,499.99,0.07
647,13,1,269.99,0.1
648,24,1,549.99,0.07
649,97,2,349.99,0.1
649,90,1,209.99,0.07
649,11,2,1680.99,0.1
649,78,1,647.99,0.05
650,3,1,999.99,0.2
651,79,1,402.99,0.1
651,85,1,329.99,0.05
651,102,2,489.99,0.05
651,94,2,249.99,0.05
652,102,1,489.99,0.1
652,62,2,3499.99,0.2
652,67,2,250.99,0.2
652,23,1,299.99,0.1
652,74,1,439.99,0.05
653,6,1,469.99,0.07
653,43,1,5299.99,0.1
653,2,2,749.99,0.1
653,80,1,761.99,0.2
653,88,2,189.99,0.07
654,9,1,2999.99,0.1
654,95,1,299.99,0.1
654,110,2,470.99,0.07
654,97,2,349.99,0.07
655,67,1,250.99,0.1
656,83,1,149.99,0.1
656,22,1,269.99,0.07
656,33,2,469.99,0.05
657,52,1,875.99,0.05
657,54,2,3199.99,0.05
658,49,2,3499.99,0.2
658,29,1,999.99,0.05
658,9,1,2999.99,0.05
659,42,2,2299.99,0.05
659,39,2,1499.99,0.07
659,70,1,659.99,0.05
659,61,2,4999.99,0.07
660,30,1,999.99,0.2
660,59,2,2599.99,0.07
660,47,2,5299.99,0.05
660,29,2,999.99,0.2
661,63,2,3499.99,0.07
661,22,2,269.99,0.05
662,55,2,2699.99,0.1
662,95,2,299.99,0.2
662,102,2,489.99,0.07
662,22,1,269.99,0.07
662,106,2,449.99,0.07
663,41,2,1469.99,0.05
663,17,2,429.0,0.2
663,94,1,249.99,0.05
663,71,1,416.99,0.07
663,106,1,449.99,0.2
664,52,2,875.99,0.07
664,5,1,1320.99,0.07
664,50,1,5999.99,0.2
664,101,2,339.99,0.2
664,47,1,5299.99,0.07
665,58,1,4999.99,0.07
665,42,2,2299.99,0.2
665,25,2,499.99,0.05
666,98,2,489.99,0.2
666,39,1,1499.99,0.05
667,79,1,402.99,0.2
667,84,1,109.99,0.1
667,3,1,999.99,0.2
667,99,1,299.99,0.1
667,85,1,329.99,0.05
668,48,2,1499.99,0.05
668,19,2,449.0,0.1
669,16,2,599.99,0.07
669,72,1,619.99,0.07
670,108,1,449.99,0.1
670,28,1,2499.99,0.07
670,104,2,481.99,0.2
670,45,2,869.99,0.05
671,30,1,999.99,0.05
671,69,1,416.99,0.05
671,55,1,2699.99,0.2
671,4,1,2899.99,0.07
671,109,2,416.99,0.07
672,51,2,6499.99,0.07
672,96,2,349.99,0.2
672,48,2,1499.99,0.07
673,66,1,250.99,0.2
673,38,1,549.99,0.2
673,5,1,1320.99,0.07
673,13,1,269.99,0.1
674,26,2,599.99,0.2
675,17,1,429.0,0.05
675,89,2,209.99,0.05
675,19,1,449.0,0.07
675,32,1,469.99,0.2
676,70,1,659.99,0.2
676,104,2,481.99,0.07
676,24,1,549.99,0.1
676,29,1,999.99,0.2
677,75,1,599.99,0.07
677,7,2,3999.99,0.07
677,105,2,533.99,0.07
677,91,2,349.99,0.05
677,54,2,3199.99,0.1
678,52,2,875.99,0.05
678,37,2,379.99,0.07
679,15,2,529.99,0.2
679,83,2,149.99,0.05
680,81,2,1099.99,0.05
680,7,1,3999.99,0.2
680,50,1,5999.99,0.07
681,82,1,659.99,0.05
681,63,1,3499.99,0.07
681,61,1,4999.99,0.2
681,6,2,469.99,0.05
681,30,1,999.99,0.07
682,39,1,1499.99,0.2
682,60,2,1559.99,0.2
682,99,1,299.99,0.2
683,2,2,749.99,0.1
684,56,1,5499.99,0.07
684,33,1,469.99,0.1
685,59,1,2599.99,0.05
685,48,2,1499.99,0.05
685,107,1,416.99,0.05
685,98,2,489.99,0.2
685,56,2,5499.99,0.05
686,16,1,599.99,0.2
686,30,1,999.99,0.1
686,88,2,189.99,0.2
686,19,2,449.0,0.2
686,104,1,481.99,0.2
687,48,2,1499.99,0.05
687,95,1,299.99,0.07
687,5,2,1320.99,0.2
687,83,1,149.99,0.07
688,8,1,1799.99,0.1
688,88,1,189.99,0.05
689,33,2,469.99,0.1
690,84,1,109.99,0.2
690,11,2,1680.99,0.07
690,85,1,329.99,0.05
690,109,2,416.99,0.2
691,23,2,299.99,0.05
691,5,2,1320.99,0.1
691,55,2,2699.99,0.2
691,20,1,599.99,0.2
692,59,1,2599.99,0.2
692,75,1,599.99,0.07
692,15,2,529.99,0.07
692,56,2,5499.99,0.1
693,104,2,481.99,0.2
693,13,1,269.99,0.2
693,5,2,1320.99,0.05
693,31,1,1632.99,0.07
694,48,1,1499.99,0.2
694,39,1,1499.99,0.05
694,55,2,2699.99,0.1
694,103,2,551.99,0.2
694,45,2,869.99,0.1
695,82,2,659.99,0.1
695,57,2,1999.99,0.2
696,88,2,189.99,0.07
696,7,1,3999.99,0.1
696,45,1,869.99,0.07
697,5,2,1320.99,0.05
698,96,1,349.99,0.07
698,12,1,549.99,0.07
698,40,2,4999.99,0.05
699,106,2,449.99,0.1
699,48,1,1499.99,0.07
699,31,1,1632.99,0.2
699,24,2,549.99,0.1
699,82,2,659.99,0.2
700,7,2,3999.99,0.05
700,63,1,3499.99,0.2
701,84,1,109.99,0.05
702,25,2,499.99,0.05
702,104,1,481.99,0.1
702,3,2,999.99,0.07
703,45,2,869.99,0.2
703,66,2,250.99,0.05
703,72,1,619.99,0.2
703,4,2,2899.99,0.2
704,10,2,1549.0,0.05
704,62,1,3499.99,0.2
704,100,2,489.99,0.07
705,61,1,4999.99,0.1
706,27,1,999.99,0.1
706,23,2,299.99,0.05
706,60,1,1559.99,0.2
707,106,2,449.99,0.05
707,100,1,489.99,0.07
707,11,2,1680.99,0.1
707,26,2,599.99,0.1
708,6,1,469.99,0.07
708,47,1,5299.99,0.1
708,34,2,469.99,0.2
709,55,2,2699.99,0.05
709,101,2,339.99,0.07
709,48,1,1499.99,0.07
710,42,1,2299.99,0.05
710,60,2,1559.99,0.2
710,39,2,1499.99,0.2
710,57,1,1999.99,0.2
710,28,1,2499.99,0.05
711,5,2,1320.99,0.05
711,95,2,299.99,0.2
711,72,2,619.99,0.05
712,44,2,539.99,0.2
712,74,2,439.99,0.1
712,35,1,832.99,0.2
712,76,1,299.99,0.2
712,4,2,2899.99,0.05
713,93,2,209.99,0.2
713,97,2,349.99,0.1
713,53,1,749.99,0.07
713,108,2,449.99,0.07
714,92,2,209.99,0.2
715,61,2,4999.99,0.1
715,50,1,5999.99,0.2
716,111,2,470.99,0.1
716,93,2,209.99,0.07
716,79,1,402.99,0.1
716,4,2,2899.99,0.05
717,56,2,5499.99,0.05
717,93,1,209.99,0.2
718,92,2,209.99,0.07
718,40,2,4999.99,0.07
718,64,2,489.99,0.1
719,100,1,489.99,0.2
720,111,1,470.99,0.07
720,6,1,469.99,0.1
721,45,2,869.99,0.07
721,102,1,489.99,0.1
721,73,2,749.99,0.05
721,33,1,469.99,0.2
722,22,2,269.99,0.07
722,3,1,999.99,0.05
722,104,2,481.99,0.1
723,24,2,549.99,0.07
723,16,1,599.99,0.05
723,108,1,449.99,0.07
724,23,1,299.99,0.05
724,75,1,599.99,0.2
724,102,1,489.99,0.05
724,55,1,2699.99,0.2
725,90,1,209.99,0.1
725,91,1,349.99,0.05
725,77,2,799.99,0.07
725,62,2,3499.99,0.1
726,64,1,489.99,0.2
727,78,1,647.99,0.07
727,82,2,659.99,0.05
728,70,1,659.99,0.05
728,56,1,5499.99,0.1
728,91,1,349.99,0.1
728,58,1,4999.99,0.07
729,101,2,339.99,0.1
730,59,2,2599.99,0.05
730,79,1,402.99,0.1
730,96,2,349.99,0.07
730,13,1,269.99,0.1
731,91,1,349.99,0.05
731,49,1,3499.99,0.2
731,67,2,250.99,0.2
731,29,1,999.99,0.2
732,47,1,5299.99,0.07
732,4,2,2899.99,0.07
733,84,1,109.99,0.05
733,55,1,2699.99,0.2
733,102,2,489.99,0.1
734,26,1,599.99,0.2
734,3,1,999.99,0.05
734,84,2,109.99,0.2
734,65,2,346.99,0.1
735,71,2,416.99,0.1
735,10,2,1549.0,0.07
736,56,2,5499.99,0.05
736,17,1,429.0,0.1
736,62,2,3499.99,0.2
737,52,1,875.99,0.05
737,19,2,449.0,0.07
737,77,2,799.99,0.07
737,34,1,469.99,0.2
738,82,2,659.99,0.07
738,38,2,549.99,0.2
738,25,1,499.99,0.1
738,63,1,3499.99,0.07
739,3,1,999.99,0.2
740,81,1,1099.99,0.05
740,94,2,249.99,0.2
740,11,1,1680.99,0.2
740,19,1,449.0,0.2
740,12,2,549.99,0.07
741,58,1,4999.99,0.05
741,76,1,299.99,0.07
741,21,2,269.99,0.07
741,56,2,5499.99,0.05
742,107,2,416.99,0.05
742,45,1,869.99,0.07
743,80,1,761.99,0.05
744,33,2,469.99,0.2
745,95,2,299.99,0.05
745,22,2,269.99,0.2
745,78,1,647.99,0.1
746,99,1,299.99,0.1
747,110,1,470.99,0.07
747,86,1,149.99,0.2
747,33,2,469.99,0.1
747,81,1,1099.99,0.07
748,16,2,599.99,0.1
748,83,2,149.99,0.05
748,41,1,1469.99,0.07
748,35,2,832.99,0.2
749,9,1,2999.99,0.2
749,28,1,2499.99,0.05
749,79,1,402.99,0.2
749,24,1,549.99,0.05
749,40,1,4999.99,0.07
750,72,1,619.99,0.05
750,78,2,647.99,0.1
751,45,2,869.99,0.05
752,12,2,549.99,0.05
752,31,2,1632.99,0.05
753,105,2,533.99,0.07
753,7,2,3999.99,0.2
753,36,2,832.99,0.1
753,95,1,299.99,0.07
753,66,1,250.99,0.2
754,74,2,439.99,0.07
754,12,2,549.99,0.07
754,3,1,999.99,0.05
754,67,2,250.99,0.05
754,7,1,3999.99,0.2
755,80,2,761.99,0.07
755,43,2,5299.99,0.05
755,57,2,1999.99,0.1
756,64,1,489.99,0.1
756,17,2,429.0,0.05
757,95,1,299.99,0.1
758,22,2,269.99,0.07
758,99,1,299.99,0.1
758,27,1,999.99,0.07
758,65,2,346.99,0.07
758,109,1,416.99,0.2
759,93,2,209.99,0.05
759,78,1,647.99,0.07
760,21,2,269.99,0.07
760,29,2,999.99,0.07
761,43,1,5299.99,0.07
761,52,2,875.99,0.2
762,102,2,489.99,0.05
763,90,1,209.99,0.07
763,103,1,551.99,0.1
764,55,1,2699.99,0.07
764,95,2,299.99,0.05
764,81,2,1099.99,0.07
765,28,2,2499.99,0.2
765,12,1,549.99,0.07
765,25,1,499.99,0.2
765,53,1,749.99,0.2
765,65,1,346.99,0.05
766,111,1,470.99,0.2
767,63,1,3499.99,0.1
767,29,1,999.99,0.07
767,41,2,1469.99,0.05
767,77,2,799.99,0.05
768,31,1,1632.99,0.2
768,76,1,299.99,0.2
769,8,1,1799.99,0.1
769,6,2,469.99,0.05
769,36,2,832.99,0.07
770,110,1,470.99,0.05
770,42,1,2299.99,0.2
770,103,1,551.99,0.2
770,11,2,1680.99,0.05
771,13,2,269.99,0.2
771,88,1,189.99,0.2
772,103,1,551.99,0.07
773,92,1,209.99,0.1
773,14,1,269.99,0.05
773,17,2,429.0,0.2
773,33,2,469.99,0.07
774,65,1,346.99,0.05
774,36,2,832.99,0.05
774,20,1,599.99,0.2
774,73,1,749.99,0.05
774,58,2,4999.99,0.1
775,39,1,1499.99,0.07
776,28,1,2499.99,0.2
776,42,2,2299.99,0.2
776,71,1,416.99,0.1
776,35,1,832.99,0.1
777,5,1,1320.99,0.2
777,7,2,3999.99,0.2
777,2,1,749.99,0.2
778,64,1,489.99,0.1
778,85,1,329.99,0.05
779,101,1,339.99,0.05
779,90,2,209.99,0.2
779,47,1,5299.99,0.2
779,8,1,1799.99,0.2
779,85,1,329.99,0.2
780,32,1,469.99,0.1
781,109,2,416.99,0.05
781,7,2,3999.99,0.2
781,57,2,1999.99,0.1
782,20,2,599.99,0.07
782,57,1,1999.99,0.07
782,99,1,299.99,0.07
782,16,2,599.99,0.2
783,92,1,209.99,0.2
783,22,2,269.99,0.05
783,94,1,249.99,0.05
783,29,1,999.99,0.1
784,22,1,269.99,0.07
784,72,2,619.99,0.1
784,16,1,599.99,0.2
785,59,2,2599.99,0.2
785,40,1,4999.99,0.07
785,25,1,499.99,0.07
786,80,1,761.99,0.05
787,51,2,6499.99,0.07
787,66,2,250.99,0.1
788,48,1,1499.99,0.2
788,19,1,449.0,0.1
788,13,1,269.99,0.05
789,100,2,489.99,0.2
789,93,2,209.99,0.07
790,62,2,3499.99,0.07
790,91,1,349.99,0.1
791,54,1,3199.99,0.2
791,25,2,499.99,0.07
792,16,2,599.99,0.2
792,39,1,1499.99,0.2
792,56,1,5499.99,0.2
792,30,1,999.99,0.05
792,2,1,749.99,0.2
793,60,1,1559.99,0.05
793,95,2,299.99,0.05
793,75,2,599.99,0.05
794,41,2,1469.99,0.05
794,68,1,449.99,0.2
794,17,1,429.0,0.07
794,28,1,2499.99,0.1
795,95,2,299.99,0.05
795,99,2,299.99,0.05
796,6,2,469.99,0.2
797,11,1,1680.99,0.07
797,69,1,416.99,0.05
797,74,1,439.99,0.1
797,54,2,3199.99,0.05
797,62,2,3499.99,0.1
798,23,1,299.99,0.1
798,90,1,209.99,0.05
798,91,2,349.99,0.07
798,42,1,2299.99,0.2
798,26,2,599.99,0.05
799,5,2,1320.99,0.1
799,34,2,469.99,0.05
799,29,2,999.99,0.07
799,63,1,3499.99,0.1
799,58,2,4999.99,0.07
800,65,2,346.99,0.1
800,54,1,3199.99,0.07
800,6,2,469.99,0.05
800,52,1,875.99,0.1
800,95,2,299.99,0.05
801,101,1,339.99,0.07
802,30,1,999.99,0.05
802,36,2,832.99,0.2
802,40,1,4999.99,0.1
802,28,1,2499.99,0.05
803,111,1,470.99,0.07
803,52,2,875.99,0.05
803,102,1,489.99,0.07
803,83,2,149.99,0.05
804,89,2,209.99,0.2
804,53,1,749.99,0.07
804,50,2,5999.99,0.05
805,24,1,549.99,0.05
805,33,2,469.99,0.2
805,62,2,3499.99,0.2
805,32,1,469.99,0.07
805,6,2,469.99,0.05
806,93,2,209.99,0.1
806,97,1,349.99,0.2
806,77,2,799.99,0.1
806,82,2,659.99,0.2
806,91,2,349.99,0.07
807,21,2,269.99,0.2
807,6,1,469.99,0.07
807,3,2,999.99,0.07
807,9,2,2999.99,0.2
807,16,1,599.99,0.2
808,96,2,349.99,0.05
808,18,1,449.0,0.05
808,85,1,329.99,0.05
808,19,2,449.0,0.05
809,78,1,647.99,0.1
809,26,1,599.99,0.2
809,92,2,209.99,0.1
810,103,2,551.99,0.05
810,100,1,489.99,0.2
810,56,1,5499.99,0.05
810,22,1,269.99,0.2
811,45,2,869.99,0.07
811,54,1,3199.99,0.2
811,70,1,659.99,0.07
811,66,1,250.99,0.1
812,76,2,299.99,0.1
812,40,1,4999.99,0.2
813,96,2,349.99,0.1
813,85,2,329.99,0.2
813,33,2,469.99,0.2
813,26,2,599.99,0.07
813,71,2,416.99,0.05
814,69,2,416.99,0.1
814,100,1,489.99,0.1
814,65,1,346.99,0.2
814,83,2,149.99,0.05
815,105,2,533.99,0.2
815,102,2,489.99,0.2
815,87,2,189.99,0.1
815,23,1,299.99,0.07
816,75,2,599.99,0.1
816,64,2,489.99,0.2
817,85,1,329.99,0.05
817,105,2,533.99,0.07
817,48,2,1499.99,0.05
818,103,1,551.99,0.05
818,44,2,539.99,0.07
818,19,2,449.0,0.05
818,48,2,1499.99,0.05
819,94,1,249.99,0.2
820,107,1,416.99,0.05
821,102,1,489.99,0.07
821,70,2,659.99,0.2
821,6,1,469.99,0.2
821,107,1,416.99,0.05
822,53,1,749.99,0.05
822,72,1,619.99,0.2
823,56,2,5499.99,0.07
823,86,2,149.99,0.2
823,81,1,1099.99,0.2
824,92,2,209.99,0.1
825,19,1,449.0,0.1
825,30,2,999.99,0.2
826,45,2,869.99,0.2
826,36,1,832.99,0.1
827,43,1,5299.99,0.05
827,41,1,1469.99,0.2
827,28,1,2499.99,0.2
827,108,1,449.99,0.2
828,25,2,499.99,0.2
828,24,1,549.99,0.2
828,55,2,2699.99,0.07
829,103,1,551.99,0.2
829,105,2,533.99,0.1
830,85,2,329.99,0.2
830,100,2,489.99,0.07
830,96,2,349.99,0.2
831,67,1,250.99,0.2
831,11,1,1680.99,0.2
831,68,1,449.99,0.1
832,54,1,3199.99,0.05
832,45,1,869.99,0.2
832,27,1,999.99,0.07
832,16,2,599.99,0.1
833,20,2,599.99,0.05
834,54,1,3199.99,0.07
834,21,1,269.99,0.05
834,78,1,647.99,0.2
835,65,2,346.99,0.07
835,82,1,659.99,0.2
835,2,1,749.99,0.05
836,108,2,449.99,0.2
837,51,1,6499.99,0.05
837,97,1,349.99,0.1
837,87,2,189.99,0.2
838,28,1,2499.99,0.1
838,10,1,1549.0,0.1
838,100,2,489.99,0.05
838,65,2,346.99,0.07
839,55,1,2699.99,0.07
839,85,1,329.99,0.1
839,58,2,4999.99,0.05
840,27,1,999.99,0.07
840,43,1,5299.99,0.07
840,106,2,449.99,0.2
841,22,2,269.99,0.1
841,9,1,2999.99,0.2
841,11,1,1680.99,0.2
841,90,2,209.99,0.07
841,100,1,489.99,0.1
842,81,2,1099.99,0.07
842,42,1,2299.99,0.1
843,72,1,619.99,0.1
843,75,2,599.99,0.1
843,81,1,1099.99,0.1
843,23,2,299.99,0.07
844,79,2,402.99,0.07
844,12,1,549.99,0.1
844,83,2,149.99,0.2
844,48,1,1499.99,0.2
844,63,2,3499.99,0.05
845,16,2,599.99,0.2
845,75,1,599.99,0.2
845,26,2,599.99,0.05
845,73,2,749.99,0.2
845,88,1,189.99,0.05
846,46,2,1409.99,0.05
846,47,1,5299.99,0.07
846,71,1,416.99,0.1
846,72,2,619.99,0.05
846,103,2,551.99,0.07
847,61,2,4999.99,0.05
848,93,1,209.99,0.07
848,100,2,489.99,0.2
848,88,2,189.99,0.2
848,41,2,1469.99,0.07
849,109,1,416.99,0.2
850,101,2,339.99,0.07
850,5,2,1320.99,0.07
850,37,1,379.99,0.07
851,30,1,999.99,0.2
851,93,1,209.99,0.05
852,46,2,1409.99,0.07
853,99,1,299.99,0.05
853,58,2,4999.99,0.2
853,42,2,2299.99,0.2
853,45,1,869.99,0.2
853,6,1,469.99,0.05
854,87,1,189.99,0.1
855,18,1,449.0,0.1
855,93,2,209.99,0.2
855,89,1,209.99,0.2
856,38,2,549.99,0.05
857,29,1,999.99,0.2
858,45,2,869.99,0.2
858,5,1,1320.99,0.2
858,14,1,269.99,0.07
858,73,2,749.99,0.07
859,38,2,549.99,0.07
859,13,1,269.99,0.1
859,14,2,269.99,0.1
859,71,2,416.99,0.1
859,36,2,832.99,0.1
860,6,1,469.99,0.05
860,24,2,549.99,0.2
860,25,1,499.99,0.2
860,58,2,4999.99,0.07
860,95,2,299.99,0.05
861,14,2,269.99,0.07
861,62,1,3499.99,0.2
862,85,1,329.99,0.05
862,99,1,299.99,0.2
862,49,2,3499.99,0.07
863,93,2,209.99,0.1
864,37,1,379.99,0.1
864,65,2,346.99,0.05
864,13,1,269.99,0.2
865,109,2,416.99,0.1
865,34,1,469.99,0.05
866,88,1,189.99,0.2
866,67,2,250.99,0.07
866,80,1,761.99,0.07
866,13,2,269.99,0.07
867,101,1,339.99,0.05
868,46,1,1409.99,0.07
869,7,1,3999.99,0.2
869,106,2,449.99,0.05
869,33,1,469.99,0.05
869,55,2,2699.99,0.05
869,65,2,346.99,0.2
870,63,1,3499.99,0.07
871,106,1,449.99,0.2
871,38,1,549.99,0.1
871,30,2,999.99,0.2
871,107,2,416.99,0.05
872,62,2,3499.99,0.07
872,53,1,749.99,0.1
873,32,2,469.99,0.1
874,56,1,5499.99,0.05
874,27,2,999.99,0.05
874,73,1,749.99,0.1
874,77,2,799.99,0.07
875,5,2,1320.99,0.1
875,15,2,529.99,0.05
875,14,1,269.99,0.07
875,111,1,470.99,0.2
876,17,2,429.0,0.2
876,66,2,250.99,0.2
876,96,1,349.99,0.07
876,107,2,416.99,0.05
877,73,1,749.99,0.07
877,103,1,551.99,0.1
878,103,1,551.99,0.2
878,13,1,269.99,0.1
878,6,2,469.99,0.2
878,18,2,449.0,0.05
879,100,2,489.99,0.2
879,2,2,749.99,0.07
879,83,2,149.99,0.2
879,82,1,659.99,0.07
880,28,2,2499.99,0.2
880,95,1,299.99,0.1
880,5,1,1320.99,0.07
880,26,1,599.99,0.1
880,66,1,250.99,0.2
881,98,1,489.99,0.07
881,50,1,5999.99,0.2
881,64,2,489.99,0.05
881,67,1,250.99,0.1
882,63,2,3499.99,0.07
882,108,2,449.99,0.2
882,57,2,1999.99,0.07
883,44,1,539.99,0.05
883,5,2,1320.99,0.05
884,49,2,3499.99,0.05
884,69,2,416.99,0.07
884,46,2,1409.99,0.2
884,10,1,1549.0,0.1
884,21,2,269.99,0.05
885,106,1,449.99,0.07
885,43,1,5299.99,0.1
886,47,1,5299.99,0.05
886,30,1,999.99,0.05
887,50,2,5999.99,0.05
887,70,1,659.99,0.1
888,33,2,469.99,0.1
888,26,2,599.99,0.2
889,12,2,549.99,0.1
890,16,2,599.99,0.1
890,105,2,533.99,0.1
890,52,1,875.99,0.05
890,67,1,250.99,0.1
890,65,2,346.99,0.1
891,107,2,416.99,0.1
891,32,1,469.99,0.05
891,35,2,832.99,0.1
891,50,1,5999.99,0.1
892,36,1,832.99,0.1
892,9,2,2999.99,0.2
892,50,2,5999.99,0.07
892,88,1,189.99,0.05
893,67,2,250.99,0.05
893,45,1,869.99,0.07
894,101,2,339.99,0.2
895,106,1,449.99,0.07
896,91,2,349.99,0.05
896,10,1,1549.0,0.05
897,105,1,533.99,0.05
897,96,1,349.99,0.05
898,45,2,869.99,0.2
898,16,1,599.99,0.07
898,57,2,1999.99,0.2
898,69,2,416.99,0.07
899,59,2,2599.99,0.1
899,17,1,429.0,0.1
899,6,1,469.99,0.2
900,26,2,599.99,0.05
900,108,1,449.99,0.07
900,89,1,209.99,0.2
900,61,2,4999.99,0.05
900,28,2,2499.99,0.07
901,50,1,5999.99,0.2
901,43,1,5299.99,0.07
902,38,2,549.99,0.07
902,92,1,209.99,0.07
902,12,1,549.99,0.2
902,76,2,299.99,0.05
903,31,2,1632.99,0.07
903,48,2,1499.99,0.05
904,36,2,832.99,0.1
904,51,2,6499.99,0.07
904,92,2,209.99,0.2
904,13,1,269.99,0.2
905,67,1,250.99,0.1
905,62,2,3499.99,0.05
905,42,2,2299.99,0.2
905,20,1,599.99,0.2
906,23,2,299.99,0.2
906,28,2,2499.99,0.07
906,46,1,1409.99,0.05
906,102,2,489.99,0.1
906,22,2,269.99,0.2
907,84,2,109.99,0.07
907,65,1,346.99,0.07
908,41,1,1469.99,0.2
908,94,1,249.99,0.1
908,102,2,489.99,0.1
909,5,1,1320.99,0.2
910,23,1,299.99,0.1
911,66,2,250.99,0.05
911,106,1,449.99,0.05
911,91,2,349.99,0.05
911,49,1,3499.99,0.2
912,22,2,269.99,0.2
912,71,2,416.99,0.05
912,101,1,339.99,0.05
912,2,2,749.99,0.2
913,90,2,209.99,0.1
913,24,2,549.99,0.05
914,38,1,549.99,0.07
914,20,2,599.99,0.2
914,106,1,449.99,0.05
914,46,1,1409.99,0.1
915,64,1,489.99,0.05
915,48,1,1499.99,0.07
915,42,1,2299.99,0.2
915,2,1,749.99,0.07
916,92,1,209.99,0.2
917,41,1,1469.99,0.07
918,91,1,349.99,0.2
918,31,1,1632.99,0.1
918,4,2,2899.99,0.07
919,7,1,3999.99,0.07
919,44,1,539.99,0.1
920,76,1,299.99,0.05
920,39,2,1499.99,0.07
920,78,1,647.99,0.05
920,80,2,761.99,0.07
921,77,1,799.99,0.2
921,75,2,599.99,0.07
921,48,1,1499.99,0.1
922,68,1,449.99,0.2
922,73,1,749.99,0.2
922,86,1,149.99,0.1
923,74,2,439.99,0.05
923,6,1,469.99,0.1
924,97,2,349.99,0.2
924,36,1,832.99,0.2
925,97,1,349.99,0.07
925,62,2,3499.99,0.2
926,37,2,379.99,0.2
927,74,2,439.99,0.1
927,16,2,599.99,0.2
927,50,1,5999.99,0.1
927,3,1,999.99,0.1
927,43,1,5299.99,0.07
928,71,2,416.99,0.05
928,83,1,149.99,0.2
929,82,1,659.99,0.2
929,63,2,3499.99,0.1
929,24,1,549.99,0.05
930,56,2,5499.99,0.07
930,82,1,659.99,0.07
930,60,1,1559.99,0.1
930,65,2,346.99,0.05
930,51,2,6499.99,0.1
931,49,2,3499.99,0.07
931,76,1,299.99,0.2
932,74,1,439.99,0.05
933,77,1,799.99,0.07
933,21,1,269.99,0.2
933,75,2,599.99,0.05
934,35,2,832.99,0.05
934,48,1,1499.99,0.05
934,18,1,449.0,0.1
934,61,1,4999.99,0.07
934,56,2,5499.99,0.2
935,65,2,346.99,0.2
935,76,2,299.99,0.07
935,6,1,469.99,0.07
935,38,1,549.99,0.07
936,70,1,659.99,0.1
936,44,1,539.99,0.07
937,108,2,449.99,0.1
937,51,2,6499.99,0.07
937,58,2,4999.99,0.07
937,28,2,2499.99,0.07
937,66,1,250.99,0.2
938,4,1,2899.99,0.05
938,13,1,269.99,0.05
939,5,1,1320.99,0.1
939,107,2,416.99,0.2
940,75,2,599.99,0.2
941,25,1,499.99,0.1
941,102,2,489.99,0.05
941,11,2,1680.99,0.07
942,98,2,489.99,0.05
942,110,2,470.99,0.1
942,35,2,832.99,0.07
942,103,1,551.99,0.05
942,100,1,489.99,0.05
943,25,1,499.99,0.2
943,82,1,659.99,0.2
944,29,2,999.99,0.07
944,16,2,599.99,0.1
944,70,2,659.99,0.2
944,85,2,329.99,0.2
944,69,2,416.99,0.07
945,105,1,533.99,0.05
945,94,2,249.99,0.2
945,34,2,469.99,0.05
945,44,2,539.99,0.1
945,50,2,5999.99,0.05
946,7,1,3999.99,0.1
946,85,2,329.99,0.2
946,62,1,3499.99,0.05
946,22,2,269.99,0.2
946,56,2,5499.99,0.07
947,32,1,469.99,0.05
947,42,2,2299.99,0.07
947,44,1,539.99,0.07
948,23,2,299.99,0.2
948,20,2,599.99,0.1
948,101,1,339.99,0.2
948,92,2,209.99,0.2
948,72,2,619.99,0.2
949,9,2,2999.99,0.1
949,55,2,2699.99,0.05
950,56,1,5499.99,0.05
951,59,1,2599.99,0.1
951,43,2,5299.99,0.1
951,62,2,3499.99,0.2
952,20,2,599.99,0.07
952,57,1,1999.99,0.05
953,23,2,299.99,0.07
954,4,2,2899.99,0.1
955,43,1,5299.99,0.1
955,31,2,1632.99,0.07
955,96,1,349.99,0.05
955,63,1,3499.99,0.2
955,88,1,189.99,0.05
956,76,2,299.99,0.1
956,23,1,299.99,0.2
956,73,2,749.99,0.1
956,13,2,269.99,0.2
956,79,2,402.99,0.1
957,108,2,449.99,0.05
957,14,2,269.99,0.07
957,70,2,659.99,0.05
957,66,1,250.99,0.07
957,111,1,470.99,0.05
958,51,1,6499.99,0.1
958,76,1,299.99,0.2
959,15,1,529.99,0.2
959,72,1,619.99,0.1
959,41,1,1469.99,0.05
959,65,1,346.99,0.07
960,73,2,749.99,0.05
960,52,1,875.99,0.1
960,48,2,1499.99,0.05
960,83,2,149.99,0.1
961,105,1,533.99,0.1
961,47,2,5299.99,0.2
961,65,2,346.99,0.07
962,65,2,346.99,0.07
962,64,2,489.99,0.07
963,4,1,2899.99,0.07
964,90,1,209.99,0.2
964,74,1,439.99,0.2
965,90,2,209.99,0.1
966,88,1,189.99,0.05
966,73,1,749.99,0.07
967,66,1,250.99,0.2
967,77,2,799.99,0.05
967,87,1,189.99,0.1
967,103,1,551.99,0.2
968,87,1,189.99,0.2
968,61,2,4999.99,0.05
968,10,2,1549.0,0.05
969,74,1,439.99,0.2
969,36,1,832.99,0.1
970,85,1,329.99,0.1
970,48,2,1499.99,0.1
970,54,2,3199.99,0.1
970,68,1,449.99,0.1
971,70,2,659.99,0.05
971,65,2,346.99,0.07
971,8,2,1799.99,0.05
971,12,2,549.99,0.07
971,38,1,549.99,0.2
972,100,1,489.99,0.2
972,63,1,3499.99,0.07
973,4,2,2899.99,0.1
973,28,2,2499.99,0.1
973,47,2,5299.99,0.05
973,71,1,416.99,0.07
974,33,2,469.99,0.1
974,22,2,269.99,0.2
975,110,2,470.99,0.2
976,26,2,599.99,0.1
976,39,1,1499.99,0.07
977,52,2,875.99,0.1
977,69,2,416.99,0.05
977,27,1,999.99,0.05
977,80,2,761.99,0.05
978,106,2,449.99,0.05
978,25,2,499.99,0.2
978,108,2,449.99,0.05
979,55,1,2699.99,0.05
979,71,2,416.99,0.2
979,12,2,549.99,0.1
979,52,1,875.99,0.2
980,49,2,3499.99,0.2
980,9,1,2999.99,0.1
980,64,1,489.99,0.1
981,35,1,832.99,0.1
981,95,2,299.99,0.05
981,21,2,269.99,0.07
981,36,2,832.99,0.1
981,61,1,4999.99,0.07
982,22,2,269.99,0.1
982,110,1,470.99,0.07
982,52,1,875.99,0.07
982,40,2,4999.99,0.05
983,63,1,3499.99,0.1
983,20,2,599.99,0.2
983,68,1,449.99,0.07
983,81,2,1099.99,0.07
983,88,1,189.99,0.05
984,68,1,449.99,0.2
984,81,2,1099.99,0.2
984,12,1,549.99,0.1
984,111,1,470.99,0.2
985,5,2,1320.99,0.07
985,59,1,2599.99,0.2
985,78,2,647.99,0.05
986,87,1,189.99,0.1
986,78,1,647.99,0.05
986,26,2,599.99,0.07
987,51,2,6499.99,0.1
987,60,2,1559.99,0.2
987,80,1,761.99,0.07
988,35,1,832.99,0.2
988,38,1,549.99,0.07
988,12,2,549.99,0.07
989,99,1,299.99,0.05
989,27,1,999.99,0.1
989,70,1,659.99,0.1
989,84,2,109.99,0.07
989,5,1,1320.99,0.1
990,6,2,469.99,0.2
990,29,1,999.99,0.1
990,91,1,349.99,0.1
990,14,2,269.99,0.1
991,9,2,2999.99,0.2
991,79,1,402.99,0.2
991,34,1,469.99,0.2
992,45,1,869.99,0.07
992,102,1,489.99,0.1
992,20,1,599.99,0.2
992,101,2,339.99,0.2
992,7,1,3999.99,0.05
993,58,1,4999.99,0.2
993,36,2,832.99,0.1
993,10,2,1549.0,0.05
993,99,2,299.99,0.07
993,79,2,402.99,0.1
994,37,2,379.99,0.1
994,45,1,869.99,0.2
994,66,1,250.99,0.07
995,16,2,599.99,0.1
995,90,1,209.99,0.2
995,101,1,339.99,0.1
996,68,2,449.99,0.05
996,32,1,469.99,0.05
997,86,2,149.99,0.07
997,105,2,533.99,0.2
997,14,2,269.99,0.07
998,26,2,599.99,0.05
998,105,1,533.99,0.2
999,70,2,659.99,0.07
999,106,1,449.99,0.05
1000,65,2,346.99,0.05
1000,111,1,470.99,0.1
1000,19,2,449.0,0.07
1000,29,2,999.99,0.05
1001,72,1,619.99,0.05
1001,45,2,869.99,0.05
1001,58,1,4999.99,0.1
1001,111,1,470.99,0.07
1002,100,1,489.99,0.05
1002,83,1,149.99,0.1
1002,8,2,1799.99,0.1
1002,79,1,402.99,0.2
1003,34,2,469.99,0.05
1003,51,2,6499.99,0.05
1004,36,2,832.99,0.1
1005,14,2,269.99,0.2
1005,81,2,1099.99,0.1
1005,99,1,299.99,0.1
1006,20,1,599.99,0.07
1006,68,1,449.99,0.1
1006,56,2,5499.99,0.07
1006,65,1,346.99,0.1
1006,46,1,1409.99,0.1
1007,26,1,599.99,0.2
1007,11,1,1680.99,0.05
1007,85,2,329.99,0.1
1007,76,1,299.99,0.2
1007,106,2,449.99,0.1
1008,71,1,416.99,0.2
1008,2,1,749.99,0.1
1008,95,1,299.99,0.07
1009,95,2,299.99,0.07
1009,44,1,539.99,0.07
1010,109,2,416.99,0.1
1011,88,1,189.99,0.2
1011,99,2,299.99,0.2
1011,16,2,599.99,0.2
1011,68,2,449.99,0.05
1012,8,1,1799.99,0.07
1012,64,1,489.99,0.2
1013,60,2,1559.99,0.05
1014,97,1,349.99,0.2
1014,45,2,869.99,0.05
1014,81,2,1099.99,0.1
1014,59,1,2599.99,0.05
1015,6,2,469.99,0.1
1015,73,2,749.99,0.2
1015,101,2,339.99,0.1
1015,13,1,269.99,0.2
1016,76,2,299.99,0.07
1017,89,1,209.99,0.07
1017,82,2,659.99,0.2
1017,100,1,489.99,0.2
1017,18,2,449.0,0.2
1017,77,2,799.99,0.1
1018,76,2,299.99,0.07
1018,97,2,349.99,0.1
1018,91,1,349.99,0.2
1019,30,1,999.99,0.1
1019,52,1,875.99,0.2
1019,37,1,379.99,0.05
1019,93,2,209.99,0.2
1020,20,2,599.99,0.05
1020,69,2,416.99,0.05
1020,15,1,529.99,0.07
1020,57,2,1999.99,0.1
1020,40,2,4999.99,0.05
1021,49,2,3499.99,0.07
1021,23,2,299.99,0.07
1022,33,1,469.99,0.2
1022,46,1,1409.99,0.1
1022,65,1,346.99,0.07
1022,5,1,1320.99,0.07
1023,91,1,349.99,0.07
1023,43,2,5299.99,0.1
1024,104,1,481.99,0.2
1024,28,2,2499.99,0.05
1024,98,2,489.99,0.2
1024,96,2,349.99,0.1
1024,91,1,349.99,0.2
1025,89,1,209.99,0.07
1025,102,1,489.99,0.1
1025,39,1,1499.99,0.1
1025,15,1,529.99,0.05
1025,66,2,250.99,0.05
1026,7,2,3999.99,0.07
1027,95,2,299.99,0.1
1027,14,2,269.99,0.05
1028,111,2,470.99,0.1
1028,10,1,1549.0,0.2
1028,41,1,1469.99,0.2
1028,35,2,832.99,0.1
1028,108,1,449.99,0.2
1029,20,1,599.99,0.2
1029,55,1,2699.99,0.1
1029,40,1,4999.99,0.2
1029,68,2,449.99,0.1
1030,27,1,999.99,0.05
1030,10,2,1549.0,0.1
1030,72,1,619.99,0.1
1031,27,2,999.99,0.2
1031,108,2,449.99,0.2
1032,60,2,1559.99,0.1
1032,17,1,429.0,0.1
1033,26,1,599.99,0.07
1033,109,2,416.99,0.1
1033,27,2,999.99,0.07
1034,101,1,339.99,0.1
1034,8,2,1799.99,0.1
1034,11,2,1680.99,0.07
1034,21,1,269.99,0.05
1035,96,1,349.99,0.2
1036,55,2,2699.99,0.1
1036,76,1,299.99,0.07
1036,18,2,449.0,0.05
1036,65,2,346.99,0.2
1036,12,1,549.99,0.2
1037,74,2,439.99,0.07
1037,3,1,999.99,0.07
1037,65,2,346.99,0.2
1037,92,1,209.99,0.07
1037,84,2,109.99,0.05
1038,83,1,149.99,0.05
1038,9,1,2999.99,0.07
1039,18,2,449.0,0.2
1040,97,1,349.99,0.1
1040,28,2,2499.99,0.2
1040,64,1,489.99,0.07
1040,27,2,999.99,0.07
1040,8,2,1799.99,0.05
1041,89,1,209.99,0.1
1041,61,2,4999.99,0.07
1041,94,2,249.99,0.1
1042,23,1,299.99,0.1
1043,55,2,2699.99,0.1
1043,20,1,599.99,0.07
1044,97,2,349.99,0.1
1045,28,1,2499.99,0.05
1045,104,2,481.99,0.05
1046,60,1,1559.99,0.07
1046,79,1,402.99,0.07
1046,32,1,469.99,0.07
1046,41,2,1469.99,0.1
1046,17,2,429.0,0.05
1047,28,2,2499.99,0.1
1047,78,1,647.99,0.2
1047,35,1,832.99,0.05
1047,49,1,3499.99,0.05
1048,3,2,999.99,0.1
1048,37,1,379.99,0.1
1048,94,1,249.99,0.05
1049,9,1,2999.99,0.1
1049,36,2,832.99,0.05
1049,3,1,999.99,0.1
1049,26,1,599.99,0.07
1049,10,2,1549.0,0.05
1050,96,2,349.99,0.07
1050,99,2,299.99,0.1
1050,45,2,869.99,0.2
1050,14,2,269.99,0.2
1051,46,1,1409.99,0.2
1052,7,1,3999.99,0.05
1052,103,1,551.99,0.05
1052,26,2,599.99,0.07
1053,49,2,3499.99,0.05
1053,26,2,599.99,0.2
1053,23,2,299.99,0.2
1053,68,1,449.99,0.1
1053,73,2,749.99,0.05
1054,36,2,832.99,0.1
1054,16,1,599.99,0.05
1055,43,2,5299.99,0.07
1055,101,2,339.99,0.2
1055,12,2,549.99,0.1
1055,83,2,149.99,0.1
1055,60,1,1559.99,0.2
1056,3,1,999.99,0.05
1057,105,1,533.99,0.2
1057,97,1,349.99,0.05
1057,98,2,489.99,0.05
1058,43,1,5299.99,0.1
1058,29,2,999.99,0.05
1058,103,1,551.99,0.07
1059,46,2,1409.99,0.05
1059,7,1,3999.99,0.1
1059,13,1,269.99,0.07
1060,7,1,3999.99,0.07
1060,11,2,1680.99,0.07
1060,61,2,4999.99,0.1
1060,30,2,999.99,0.05
1061,14,1,269.99,0.07
1061,19,1,449.0,0.1
1062,13,1,269.99,0.05
1062,111,2,470.99,0.2
1062,5,1,1320.99,0.05
1062,12,1,549.99,0.2
1063,33,2,469.99,0.1
1063,100,2,489.99,0.07
1063,72,2,619.99,0.2
1064,18,1,449.0,0.07
1064,49,1,3499.99,0.1
1065,48,2,1499.99,0.07
1065,103,2,551.99,0.05
1065,63,1,3499.99,0.07
1066,15,2,529.99,0.05
1066,46,1,1409.99,0.1
1066,12,1,549.99,0.1
1067,74,2,439.99,0.07
1067,9,2,2999.99,0.2
1067,72,2,619.99,0.1
1067,6,2,469.99,0.2
1068,87,2,189.99,0.2
1068,82,1,659.99,0.2
1068,49,2,3499.99,0.2
1068,45,2,869.99,0.2
1069,109,1,416.99,0.07
1069,93,1,209.99,0.1
1070,110,1,470.99,0.2
1070,18,2,449.0,0.1
1070,94,1,249.99,0.05
1071,25,2,499.99,0.2
1072,83,1,149.99,0.2
1072,89,2,209.99,0.07
1072,36,2,832.99,0.07
1073,81,1,1099.99,0.2
1073,13,1,269.99,0.07
1073,20,1,599.99,0.2
1074,59,1,2599.99,0.1
1074,87,1,189.99,0.07
1074,89,2,209.99,0.1
1075,48,2,1499.99,0.1
1075,111,2,470.99,0.05
1076,95,1,299.99,0.1
1076,102,1,489.99,0.07
1076,73,2,749.99,0.07
1077,60,2,1559.99,0.05
1078,76,2,299.99,0.07
1078,60,2,1559.99,0.2
1078,15,1,529.99,0.07
1078,10,2,1549.0,0.1
1078,72,2,619.99,0.2
1079,70,2,659.99,0.07
1080,31,1,1632.99,0.2
1080,40,1,4999.99,0.1
1080,50,1,5999.99,0.05
1080,32,2,469.99,0.2
1080,86,1,149.99,0.05
1081,52,2,875.99,0.1
1082,29,2,999.99,0.2
1083,65,2,346.99,0.2
1083,77,2,799.99,0.1
1083,61,1,4999.99,0.07
1083,33,1,469.99,0.2
1084,30,1,999.99,0.05
1084,70,1,659.99,0.05
1084,98,2,489.99,0.2
1084,65,2,346.99,0.07
1084,60,1,1559.99,0.1
1085,66,2,250.99,0.2
1085,64,1,489.99,0.1
1085,74,1,439.99,0.1
1086,108,1,449.99,0.07
1086,67,1,250.99,0.1
1086,81,2,1099.99,0.05
1086,10,2,1549.0,0.07
1086,5,1,1320.99,0.2
1087,15,1,529.99,0.07
1087,102,2,489.99,0.07
1087,59,2,2599.99,0.1
1087,13,2,269.99,0.07
1087,109,2,416.99,0.2
1088,64,1,489.99,0.1
1088,30,1,999.99,0.1
1088,33,1,469.99,0.07
1088,36,2,832.99,0.2
1089,70,2,659.99,0.07
1089,30,2,999.99,0.05
1090,74,1,439.99,0.2
1091,97,1,349.99,0.05
1091,56,1,5499.99,0.1
1091,19,1,449.0,0.1
1092,34,1,469.99,0.05
1092,30,2,999.99,0.07
1092,2,2,749.99,0.1
1092,18,1,449.0,0.2
1093,45,2,869.99,0.07
1093,17,2,429.0,0.1
1093,90,2,209.99,0.1
1094,71,1,416.99,0.1
1094,11,1,1680.99,0.1
1094,24,1,549.99,0.1
1094,107,1,416.99,0.2
1095,78,2,647.99,0.05
1095,3,2,999.99,0.2
1095,15,2,529.99,0.1
1095,31,1,1632.99,0.2
1095,50,2,5999.99,0.05
1096,11,1,1680.99,0.1
1097,99,1,299.99,0.05
1097,106,2,449.99,0.07
1097,98,2,489.99,0.07
1097,19,1,449.0,0.2
1097,35,2,832.99,0.05
1098,88,1,189.99,0.1
1099,64,1,489.99,0.1
1099,13,2,269.99,0.05
1099,46,1,1409.99,0.07
1099,89,2,209.99,0.1
1100,12,1,549.99,0.05
1100,9,2,2999.99,0.1
1101,105,1,533.99,0.07
1101,51,1,6499.99,0.05
1102,91,1,349.99,0.07
1103,106,1,449.99,0.2
1103,46,2,1409.99,0.2
1104,17,1,429.0,0.1
1104,70,2,659.99,0.1
1104,43,1,5299.99,0.07
1104,80,1,761.99,0.07
1105,60,1,1559.99,0.05
1105,56,2,5499.99,0.2
1105,35,2,832.99,0.07
1106,96,1,349.99,0.1
1107,43,1,5299.99,0.2
1107,41,2,1469.99,0.2
1108,45,2,869.99,0.05
1108,100,1,489.99,0.07
1108,105,1,533.99,0.07
1109,72,2,619.99,0.1
1110,56,1,5499.99,0.1
1111,95,1,299.99,0.05
1111,66,2,250.99,0.1
1111,14,1,269.99,0.2
1111,24,1,549.99,0.07
1112,71,2,416.99,0.05
1112,42,1,2299.99,0.07
1112,5,2,1320.99,0.1
1112,87,2,189.99,0.07
1112,9,2,2999.99,0.1
1113,106,1,449.99,0.07
1114,52,1,875.99,0.2
1115,97,2,349.99,0.2
1115,50,2,5999.99,0.07
1115,91,2,349.99,0.07
1115,49,2,3499.99,0.1
1116,11,2,1680.99,0.07
1117,37,2,379.99,0.1
1117,91,1,349.99,0.2
1117,51,2,6499.99,0.1
1118,55,2,2699.99,0.2
1118,50,1,5999.99,0.07
1118,29,1,999.99,0.05
1118,47,2,5299.99,0.2
1119,93,2,209.99,0.1
1119,55,2,2699.99,0.05
1119,104,1,481.99,0.2
1120,92,2,209.99,0.07
1120,31,1,1632.99,0.07
1120,30,2,999.99,0.05
1120,93,1,209.99,0.07
1120,94,1,249.99,0.2
1121,11,2,1680.99,0.1
1121,110,2,470.99,0.05
1122,9,2,2999.99,0.07
1122,53,1,749.99,0.1
1122,49,2,3499.99,0.2
1122,41,2,1469.99,0.05
1122,72,1,619.99,0.1
1123,65,2,346.99,0.07
1123,61,2,4999.99,0.1
1124,7,2,3999.99,0.1
1124,6,1,469.99,0.1
1124,109,2,416.99,0.07
1124,45,2,869.99,0.05
1124,2,2,749.99,0.05
1125,16,2,599.99,0.05
1125,21,1,269.99,0.1
1125,81,2,1099.99,0.07
1125,24,1,549.99,0.07
1125,32,2,469.99,0.07
1126,33,2,469.99,0.1
1126,58,1,4999.99,0.2
1126,89,2,209.99,0.05
1127,23,2,299.99,0.1
1127,96,2,349.99,0.07
1127,37,1,379.99,0.2
1128,44,1,539.99,0.05
1128,10,1,1549.0,0.2
1128,65,2,346.99,0.05
1129,71,2,416.99,0.2
1129,56,1,5499.99,0.2
1129,61,2,4999.99,0.05
1130,54,2,3199.99,0.2
1131,60,2,1559.99,0.07
1131,103,2,551.99,0.05
1132,43,1,5299.99,0.05
1132,10,1,1549.0,0.1
1132,36,2,832.99,0.1
1132,16,1,599.99,0.05
1133,4,2,2899.99,0.05
1133,17,1,429.0,0.07
1133,90,2,209.99,0.2
1133,62,1,3499.99,0.2
1134,97,1,349.99,0.1
1134,36,1,832.99,0.1
1135,101,2,339.99,0.05
1135,51,1,6499.99,0.1
1136,105,1,533.99,0.1
1137,28,1,2499.99,0.2
1137,58,2,4999.99,0.2
1137,84,2,109.99,0.2
1137,69,2,416.99,0.07
1138,13,2,269.99,0.05
1138,105,2,533.99,0.05
1138,93,1,209.99,0.1
1139,106,2,449.99,0.05
1139,44,2,539.99,0.1
1139,69,1,416.99,0.05
1139,25,2,499.99,0.1
1139,7,1,3999.99,0.1
1140,39,2,1499.99,0.1
1140,71,2,416.99,0.07
1140,38,2,549.99,0.1
1140,40,2,4999.99,0.07
1141,8,1,1799.99,0.1
1142,20,2,599.99,0.07
1142,30,1,999.99,0.1
1142,109,2,416.99,0.05
1142,108,2,449.99,0.2
1142,100,2,489.99,0.05
1143,99,1,299.99,0.2
1143,48,1,1499.99,0.2
1143,69,2,416.99,0.1
1144,88,1,189.99,0.07
1145,105,2,533.99,0.07
1146,36,1,832.99,0.07
1146,64,1,489.99,0.2
1146,11,1,1680.99,0.2
1147,82,1,659.99,0.2
1147,39,2,1499.99,0.05
1148,82,1,659.99,0.07
1148,22,1,269.99,0.07
1148,77,2,799.99,0.05
1148,94,2,249.99,0.1
1149,98,2,489.99,0.07
1149,48,1,1499.99,0.05
1149,58,1,4999.99,0.05
1149,85,1,329.99,0.2
1149,94,1,249.99,0.1
1150,29,1,999.99,0.05
1150,91,1,349.99,0.05
1150,104,2,481.99,0.07
1150,21,2,269.99,0.1
1151,30,2,999.99,0.05
1152,58,1,4999.99,0.07
1152,91,2,349.99,0.2
1152,24,1,549.99,0.05
1153,103,1,551.99,0.1
1153,6,2,469.99,0.05
1154,17,1,429.0,0.2
1154,60,1,1559.99,0.07
1154,67,2,250.99,0.2
1155,68,2,449.99,0.05
1155,6,2,469.99,0.1
1155,35,1,832.99,0.07
1155,77,2,799.99,0.05
1156,111,2,470.99,0.05
1156,86,1,149.99,0.05
1157,20,1,599.99,0.1
1157,31,2,1632.99,0.1
1157,37,2,379.99,0.2
1157,41,1,1469.99,0.07
1158,95,2,299.99,0.1
1158,74,1,439.99,0.07
1159,12,2,549.99,0.1
1160,41,1,1469.99,0.1
1160,9,1,2999.99,0.2
1161,71,2,416.99,0.1
1161,38,1,549.99,0.07
1161,22,1,269.99,0.2
1161,29,2,999.99,0.1
1162,88,1,189.99,0.2
1162,40,2,4999.99,0.2
1162,86,1,149.99,0.1
1162,41,1,1469.99,0.05
1162,12,2,549.99,0.05
1163,63,2,3499.99,0.05
1163,53,2,749.99,0.1
1164,8,1,1799.99,0.2
1164,78,1,647.99,0.05
1164,103,2,551.99,0.05
1164,44,2,539.99,0.05
1165,65,2,346.99,0.07
1165,68,1,449.99,0.07
1166,103,2,551.99,0.07
1167,29,2,999.99,0.05
1167,81,2,1099.99,0.1
1167,68,1,449.99,0.07
1168,23,2,299.99,0.1
1168,82,1,659.99,0.2
1168,51,1,6499.99,0.07
1168,107,2,416.99,0.2
1168,15,2,529.99,0.05
1169,91,2,349.99,0.2
1169,51,1,6499.99,0.05
1169,58,2,4999.99,0.1
1169,81,2,1099.99,0.2
1170,15,1,529.99,0.1
1170,47,2,5299.99,0.05
1170,62,2,3499.99,0.1
1171,94,2,249.99,0.2
1171,92,2,209.99,0.07
1171,10,2,1549.0,0.07
1172,78,2,647.99,0.07
1172,104,1,481.99,0.2
1173,95,1,299.99,0.2
1173,17,1,429.0,0.07
1173,68,1,449.99,0.05
1173,103,2,551.99,0.2
1174,110,2,470.99,0.2
1174,6,1,469.99,0.07
1174,106,1,449.99,0.1
1175,58,2,4999.99,0.07
1175,65,1,346.99,0.2
1175,20,1,599.99,0.05
1175,3,1,999.99,0.05
1175,9,1,2999.99,0.05
1176,87,1,189.99,0.1
1177,62,2,3499.99,0.07
1177,74,1,439.99,0.1
1178,46,1,1409.99,0.07
1178,77,1,799.99,0.2
1178,108,1,449.99,0.05
1178,13,2,269.99,0.05
1179,93,2,209.99,0.05
1179,88,2,189.99,0.05
1179,33,2,469.99,0.2
1179,50,1,5999.99,0.07
1180,66,2,250.99,0.07
1181,98,1,489.99,0.1
1182,35,1,832.99,0.1
1182,49,2,3499.99,0.1
1183,63,1,3499.99,0.2
1183,80,2,761.99,0.2
1183,6,2,469.99,0.05
1184,16,2,599.99,0.05
1184,71,1,416.99,0.05
1185,19,2,449.0,0.07
1185,21,1,269.99,0.07
1185,63,2,3499.99,0.1
1185,80,1,761.99,0.2
1186,48,2,1499.99,0.1
1186,49,1,3499.99,0.07
1186,106,1,449.99,0.1
1186,27,1,999.99,0.2
1187,36,2,832.99,0.1
1187,79,1,402.99,0.07
1187,4,1,2899.99,0.1
1187,53,2,749.99,0.1
1188,66,2,250.99,0.1
1188,91,2,349.99,0.2
1188,87,2,189.99,0.1
1189,55,1,2699.99,0.07
1189,102,2,489.99,0.1
1189,40,2,4999.99,0.1
1190,71,1,416.99,0.07
1191,40,2,4999.99,0.1
1191,89,2,209.99,0.1
1191,100,1,489.99,0.07
1192,24,2,549.99,0.1
1192,88,2,189.99,0.07
1192,37,2,379.99,0.2
1193,83,2,149.99,0.05
1193,27,1,999.99,0.05
1194,71,1,416.99,0.05
1194,7,2,3999.99,0.07
1194,105,2,533.99,0.1
1194,84,1,109.99,0.05
1195,52,1,875.99,0.07
1196,53,1,749.99,0.07
1197,13,1,269.99,0.07
1197,108,2,449.99,0.05
1197,9,2,2999.99,0.05
1197,106,2,449.99,0.2
1198,105,1,533.99,0.05
1199,32,1,469.99,0.05
1199,94,2,249.99,0.07
1199,109,2,416.99,0.1
1200,42,2,2299.99,0.2
1201,95,1,299.99,0.07
1201,13,1,269.99,0.05
1201,26,1,599.99,0.2
1201,17,2,429.0,0.05
1201,19,2,449.0,0.2
1202,84,2,109.99,0.05
1203,6,2,469.99,0.07
1203,55,1,2699.99,0.05
1204,37,2,379.99,0.07
1205,105,2,533.99,0.2
1205,46,2,1409.99,0.2
1205,71,1,416.99,0.05
1205,79,2,402.99,0.07
1205,92,1,209.99,0.1
1206,73,1,749.99,0.07
1206,29,1,999.99,0.2
1207,104,1,481.99,0.05
1207,103,1,551.99,0.1
1207,23,1,299.99,0.07
1208,12,1,549.99,0.2
1208,65,2,346.99,0.07
1208,86,2,149.99,0.2
1208,13,2,269.99,0.1
1208,87,1,189.99,0.07
1209,89,1,209.99,0.07
1209,97,1,349.99,0.05
1210,26,1,599.99,0.1
1210,6,2,469.99,0.07
1210,78,2,647.99,0.05
1210,84,1,109.99,0.1
1210,35,2,832.99,0.05
1211,15,2,529.99,0.2
1211,59,1,2599.99,0.05
1211,92,1,209.99,0.2
1211,93,1,209.99,0.1
1211,108,2,449.99,0.2
1212,74,1,439.99,0.1
1212,37,2,379.99,0.07
1212,39,2,1499.99,0.05
1212,68,2,449.99,0.07
1213,64,2,489.99,0.07
1213,78,1,647.99,0.07
1213,102,2,489.99,0.1
1213,15,1,529.99,0.05
1214,9,2,2999.99,0.05
1214,7,1,3999.99,0.2
1214,22,1,269.99,0.05
1214,77,2,799.99,0.1
1214,67,2,250.99,0.2
1215,73,2,749.99,0.1
1215,10,2,1549.0,0.07
1216,64,2,489.99,0.1
1216,54,1,3199.99,0.05
1216,19,1,449.0,0.2
1216,110,2,470.99,0.07
1216,43,1,5299.99,0.1
1217,73,1,749.99,0.05
1217,106,2,449.99,0.05
1218,32,1,469.99,0.07
1218,102,2,489.99,0.05
1219,17,2,429.0,0.07
1219,62,2,3499.99,0.1
1219,40,2,4999.99,0.2
1220,47,2,5299.99,0.1
1220,49,1,3499.99,0.2
1220,85,2,329.99,0.2
1221,100,1,489.99,0.05
1221,81,2,1099.99,0.05
1221,42,2,2299.99,0.1
1221,38,2,549.99,0.1
1221,97,2,349.99,0.07
1222,97,1,349.99,0.2
1223,103,1,551.99,0.05
1224,62,1,3499.99,0.07
1224,51,1,6499.99,0.1
1224,108,1,449.99,0.05
1224,32,1,469.99,0.2
1225,81,1,1099.99,0.1
1225,59,2,2599.99,0.1
1225,6,2,469.99,0.1
1226,77,2,799.99,0.05
1226,101,1,339.99,0.2
1226,11,2,1680.99,0.07
1226,51,1,6499.99,0.07
1226,42,1,2299.99,0.1
1227,90,2,209.99,0.2
1227,44,1,539.99,0.07
1227,26,1,599.99,0.05
1227,8,1,1799.99,0.07
1227,42,2,2299.99,0.2
1228,92,1,209.99,0.2
1228,55,2,2699.99,0.2
1228,20,2,599.99,0.05
1229,36,2,832.99,0.07
1229,61,2,4999.99,0.1
1230,32,2,469.99,0.1
1230,38,2,549.99,0.07
1231,75,2,599.99,0.05
1231,70,1,659.99,0.07
1232,4,2,2899.99,0.07
1232,110,2,470.99,0.05
1232,6,2,469.99,0.2
1233,87,2,189.99,0.2
1233,61,2,4999.99,0.1
1233,55,1,2699.99,0.2
1234,56,2,5499.99,0.07
1234,71,2,416.99,0.07
1235,7,1,3999.99,0.1
1236,60,1,1559.99,0.07
1236,32,2,469.99,0.05
1236,91,1,349.99,0.1
1237,23,1,299.99,0.1
1237,87,2,189.99,0.1
1237,95,2,299.99,0.2
1237,55,2,2699.99,0.07
1237,25,1,499.99,0.07
1238,40,1,4999.99,0.1
1238,14,1,269.99,0.1
1238,99,2,299.99,0.2
1238,101,1,339.99,0.1
1239,15,2,529.99,0.2
1239,91,1,349.99,0.1
1239,34,2,469.99,0.1
1239,36,1,832.99,0.05
1240,107,2,416.99,0.1
1240,23,2,299.99,0.05
1240,15,2,529.99,0.2
1240,77,2,799.99,0.05
1240,57,1,1999.99,0.05
1241,74,1,439.99,0.05
1241,71,2,416.99,0.05
1242,94,1,249.99,0.05
1242,27,1,999.99,0.07
1242,10,1,1549.0,0.07
1242,70,1,659.99,0.2
1243,44,1,539.99,0.07
1244,45,1,869.99,0.2
1244,38,2,549.99,0.07
1244,33,1,469.99,0.07
1244,37,2,379.99,0.1
1245,13,1,269.99,0.1
1246,78,2,647.99,0.2
1246,46,1,1409.99,0.05
1246,45,2,869.99,0.07
1247,15,2,529.99,0.1
1247,28,2,2499.99,0.1
1247,26,1,599.99,0.05
1248,94,2,249.99,0.05
1248,33,2,469.99,0.1
1248,92,1,209.99,0.1
1248,12,1,549.99,0.05
1249,62,1,3499.99,0.05
1249,104,1,481.99,0.05
1249,61,1,4999.99,0.2
1250,78,2,647.99,0.05
1250,66,2,250.99,0.1
1250,20,2,599.99,0.05
1250,6,2,469.99,0.1
1251,40,2,4999.99,0.1
1251,56,1,5499.99,0.07
1251,7,1,3999.99,0.07
1252,79,1,402.99,0.2
1252,84,1,109.99,0.2
1252,57,2,1999.99,0.05
1253,25,2,499.99,0.1
1253,21,1,269.99,0.07
1253,88,1,189.99,0.2
1254,80,1,761.99,0.2
1254,91,1,349.99,0.2
1255,43,2,5299.99,0.2
1255,53,1,749.99,0.05
1255,14,2,269.99,0.2
1255,26,2,599.99,0.05
1255,82,1,659.99,0.05
1256,44,2,539.99,0.2
1256,100,1,489.99,0.1
1257,30,2,999.99,0.05
1257,61,1,4999.99,0.05
1257,17,2,429.0,0.1
1257,41,1,1469.99,0.05
1257,4,1,2899.99,0.1
1258,94,2,249.99,0.1
1258,99,2,299.99,0.05
1259,60,1,1559.99,0.1
1259,19,1,449.0,0.2
1260,8,1,1799.99,0.1
1260,66,1,250.99,0.1
1261,73,1,749.99,0.2
1261,88,2,189.99,0.2
1261,100,1,489.99,0.05
1261,42,1,2299.99,0.1
1262,37,1,379.99,0.07
1262,52,1,875.99,0.05
1262,43,2,5299.99,0.07
1262,77,1,799.99,0.07
1263,45,1,869.99,0.2
1263,62,1,3499.99,0.05
1263,19,2,449.0,0.1
1264,101,1,339.99,0.07
1264,77,2,799.99,0.07
1264,29,2,999.99,0.2
1264,52,1,875.99,0.05
1265,41,2,1469.99,0.1
1265,72,2,619.99,0.07
1266,90,1,209.99,0.2
1266,48,1,1499.99,0.2
1267,45,1,869.99,0.1
1267,27,1,999.99,0.07
1267,108,1,449.99,0.2
1267,95,1,299.99,0.05
1268,68,2,449.99,0.07
1268,87,2,189.99,0.07
1268,59,2,2599.99,0.2
1268,100,1,489.99,0.07
1269,4,2,2899.99,0.2
1269,7,1,3999.99,0.2
1269,111,1,470.99,0.1
1270,54,1,3199.99,0.2
1271,25,2,499.99,0.1
1271,50,2,5999.99,0.07
1271,87,2,189.99,0.07
1271,32,2,469.99,0.07
1272,16,2,599.99,0.2
1272,71,2,416.99,0.1
1272,86,1,149.99,0.07
1273,95,2,299.99,0.07
1273,20,1,599.99,0.07
1273,58,1,4999.99,0.2
1274,81,1,1099.99,0.1
1275,58,1,4999.99,0.07
1275,30,1,999.99,0.1
1276,18,2,449.0,0.2
1276,58,1,4999.99,0.2
1276,42,1,2299.99,0.05
1276,24,2,549.99,0.2
1276,78,2,647.99,0.2
1277,56,2,5499.99,0.2
1277,93,2,209.99,0.05
1277,9,2,2999.99,0.1
1277,4,1,2899.99,0.1
1277,11,1,1680.99,0.2
1278,103,2,551.99,0.1
1278,32,1,469.99,0.1
1279,9,2,2999.99,0.05
1280,72,2,619.99,0.07
1280,74,1,439.99,0.05
1280,52,1,875.99,0.07
1280,63,1,3499.99,0.2
1281,36,1,832.99,0.05
1281,49,2,3499.99,0.05
1281,75,1,599.99,0.05
1282,111,1,470.99,0.05
1282,50,2,5999.99,0.2
1283,61,2,4999.99,0.05
1283,81,1,1099.99,0.2
1283,7,1,3999.99,0.1
1283,32,1,469.99,0.1
1283,11,1,1680.99,0.2
1284,101,1,339.99,0.07
1284,8,1,1799.99,0.05
1284,4,2,2899.99,0.05
1285,78,2,647.99,0.07
1285,93,1,209.99,0.1
1285,69,2,416.99,0.2
1285,6,1,469.99,0.1
1286,109,2,416.99,0.2
1286,81,2,1099.99,0.07
1286,87,1,189.99,0.07
1287,27,2,999.99,0.2
1287,62,2,3499.99,0.1
1287,103,1,551.99,0.1
1287,100,2,489.99,0.05
1288,73,1,749.99,0.2
1288,64,2,489.99,0.2
1288,62,2,3499.99,0.1
1288,17,2,429.0,0.07
1289,89,1,209.99,0.05
1289,3,1,999.99,0.1
1290,75,2,599.99,0.05
1290,36,1,832.99,0.05
1290,92,2,209.99,0.1
1291,57,1,1999.99,0.1
1291,58,2,4999.99,0.05
1292,70,1,659.99,0.07
1293,88,2,189.99,0.1
1293,74,2,439.99,0.05
1293,38,2,549.99,0.07
1294,95,2,299.99,0.05
1294,44,1,539.99,0.05
1295,5,2,1320.99,0.2
1295,61,1,4999.99,0.2
1295,52,1,875.99,0.05
1296,25,2,499.99,0.05
1296,90,1,209.99,0.1
1296,16,1,599.99,0.05
1296,2,2,749.99,0.1
1297,104,2,481.99,0.07
1297,43,1,5299.99,0.05
1297,51,2,6499.99,0.05
1298,59,1,2599.99,0.05
1298,110,2,470.99,0.07
1299,14,2,269.99,0.1
1299,101,1,339.99,0.05
1299,75,1,599.99,0.05
1299,52,2,875.99,0.2
1300,101,2,339.99,0.07
1300,58,2,4999.99,0.05
1301,45,2,869.99,0.2
1301,105,2,533.99,0.1
1301,8,1,1799.99,0.2
1302,38,1,549.99,0.05
1302,20,2,599.99,0.1
1302,56,2,5499.99,0.07
1303,96,1,349.99,0.1
1303,63,2,3499.99,0.2
1303,108,1,449.99,0.1
1303,73,1,749.99,0.1
1303,24,2,549.99,0.1
1304,80,1,761.99,0.05
1304,99,2,299.99,0.05
1304,102,1,489.99,0.2
1304,17,1,429.0,0.05
1305,85,1,329.99,0.2
1305,9,1,2999.99,0.07
1305,11,1,1680.99,0.05
1305,91,2,349.99,0.05
1306,103,2,551.99,0.05
1306,81,2,1099.99,0.07
1306,45,1,869.99,0.2
1306,42,1,2299.99,0.2
1306,9,2,2999.99,0.07
1307,96,2,349.99,0.07
1307,53,2,749.99,0.2
1307,69,2,416.99,0.2
1308,54,1,3199.99,0.05
1308,69,1,416.99,0.2
1308,14,2,269.99,0.07
1308,56,1,5499.99,0.2
1308,32,1,469.99,0.07
1309,65,1,346.99,0.05
1309,87,2,189.99,0.2
1310,59,1,2599.99,0.2
1310,77,2,799.99,0.2
1310,11,2,1680.99,0.1
1310,54,1,3199.99,0.2
1311,69,1,416.99,0.1
1311,45,2,869.99,0.07
1311,27,2,999.99,0.1
1311,42,1,2299.99,0.1
1312,67,2,250.99,0.05
1312,14,1,269.99,0.2
1312,20,1,599.99,0.07
1313,75,1,599.99,0.2
1313,33,1,469.99,0.2
1313,69,1,416.99,0.07
1314,52,1,875.99,0.07
1314,72,2,619.99,0.05
1314,94,1,249.99,0.1
1315,104,2,481.99,0.07
1315,41,1,1469.99,0.05
1315,24,1,549.99,0.1
1315,26,1,599.99,0.07
1315,16,2,599.99,0.2
1316,76,2,299.99,0.1
1316,90,1,209.99,0.1
1317,82,1,659.99,0.1
1318,82,2,659.99,0.2
1318,62,2,3499.99,0.2
1318,111,1,470.99,0.2
1318,92,1,209.99,0.07
1319,75,1,599.99,0.07
1319,91,1,349.99,0.2
1320,104,1,481.99,0.1
1320,93,1,209.99,0.05
1320,99,2,299.99,0.2
1321,34,1,469.99,0.1
1321,107,1,416.99,0.1
1321,11,2,1680.99,0.1
1322,28,2,2499.99,0.05
1322,104,2,481.99,0.05
1323,27,2,999.99,0.07
1323,20,1,599.99,0.05
1323,70,1,659.99,0.05
1324,66,1,250.99,0.1
1324,120,2,2499.99,0.2
1324,235,1,899.99,0.1
1324,3,1,999.99,0.2
1325,139,1,2999.99,0.05
1325,257,1,899.99,0.05
1325,209,1,2999.99,0.1
1325,28,1,2499.99,0.07
1326,190,2,2799.99,0.07
1326,269,2,199.99,0.07
1327,151,2,1549.99,0.07
1327,235,2,899.99,0.1
1327,48,2,1499.99,0.1
1327,180,1,919.99,0.2
1328,241,1,749.99,0.07
1328,129,2,919.99,0.1
1328,228,1,319.99,0.07
1328,311,1,749.99,0.1
1328,247,1,599.99,0.1
1329,143,1,1099.99,0.07
1329,107,1,416.99,0.05
1329,55,1,2699.99,0.07
1329,283,2,319.99,0.2
1329,13,1,269.99,0.1
1330,232,1,479.99,0.2
1330,243,2,679.99,0.05
1330,230,2,429.99,0.2
1330,102,2,489.99,0.05
1330,282,1,279.99,0.1
1331,253,1,2599.99,0.05
1331,290,1,369.99,0.05
1331,145,2,1799.99,0.1
1331,300,1,799.99,0.2
1332,296,1,369.99,0.2
1332,93,2,209.99,0.05
1332,179,2,919.99,0.07
1332,298,1,279.99,0.1
1333,205,2,4999.99,0.05
1333,304,2,679.99,0.1
1333,99,2,299.99,0.1
1333,12,1,549.99,0.05
1333,78,1,647.99,0.1
1334,203,2,4999.99,0.05
1334,160,2,4499.99,0.07
1334,84,2,109.99,0.1
1334,13,1,269.99,0.05
1334,42,1,2299.99,0.05
1335,138,2,2249.99,0.05
1336,29,2,999.99,0.2
1336,157,1,6499.99,0.05
1336,21,2,269.99,0.07
1336,207,1,3999.99,0.1
1336,185,1,2799.99,0.1
1337,153,1,4999.99,0.1
1338,169,2,6499.99,0.07
1339,175,1,3199.99,0.07
1340,253,1,2599.99,0.2
1340,92,2,209.99,0.2
1340,237,2,849.99,0.05
1341,215,2,749.99,0.07
1341,56,2,5499.99,0.2
1341,234,2,899.99,0.05
1341,66,2,250.99,0.05
1342,60,1,1559.99,0.05
1342,270,1,209.99,0.05
1343,244,1,559.99,0.05
1343,99,1,299.99,0.05
1343,184,2,3499.99,0.2
1343,65,2,346.99,0.2
1343,206,1,3299.99,0.1
1344,77,2,799.99,0.07
1344,103,2,551.99,0.2
1344,3,1,999.99,0.07
1344,61,1,4999.99,0.07
1345,40,2,4999.99,0.2
1345,172,2,3199.99,0.05
1345,164,2,1549.0,0.2
1345,2,2,749.99,0.2
1346,134,2,1499.99,0.05
1346,150,1,4499.99,0.05
1346,18,2,449.0,0.05
1346,249,1,749.99,0.1
1346,263,2,89.99,0.2
1347,43,2,5299.99,0.07
1347,53,1,749.99,0.05
1348,203,1,4999.99,0.05
1348,148,1,5499.99,0.05
1348,58,2,4999.99,0.1
1348,147,1,1799.99,0.07
1349,138,2,2249.99,0.05
1349,205,2,4999.99,0.07
1349,168,2,1549.0,0.2
1349,184,1,3499.99,0.2
1350,305,1,749.99,0.1
1350,250,1,2599.99,0.07
1350,253,1,2599.99,0.07
1350,159,1,2299.99,0.05
1350,13,2,269.99,0.2
1351,297,2,279.99,0.2
1351,133,1,1499.99,0.1
1352,136,1,1799.99,0.2
1352,52,2,875.99,0.1
1352,282,2,279.99,0.1
1352,86,2,149.99,0.2
1352,100,1,489.99,0.05
1353,107,2,416.99,0.05
1353,233,1,639.99,0.07
1353,300,1,799.99,0.2
1353,86,2,149.99,0.05
1354,166,2,749.99,0.07
1355,297,1,279.99,0.1
1355,253,1,2599.99,0.07
1355,149,1,7499.99,0.2
1355,313,2,449.99,0.1
1356,192,1,2599.99,0.05
1356,199,2,2999.99,0.1
1356,276,2,319.99,0.1
1357,145,2,1799.99,0.2
1357,60,1,1559.99,0.2
1357,130,1,919.99,0.2
1358,257,2,899.99,0.2
1359,282,1,279.99,0.05
1359,82,1,659.99,0.05
1360,31,1,1632.99,0.05
1361,307,2,749.99,0.07
1361,153,1,4999.99,0.05
1361,163,2,1349.0,0.2
1362,27,2,999.99,0.2
1362,204,2,3599.99,0.07
1362,4,2,2899.99,0.2
1363,66,2,250.99,0.1
1364,78,1,647.99,0.07
1364,155,2,11999.99,0.1
1364,152,1,2499.99,0.1
1364,110,1,470.99,0.07
1365,144,1,1549.99,0.07
1365,58,1,4999.99,0.07
1365,236,1,749.99,0.05
1366,115,1,3199.99,0.1
1366,128,2,1899.0,0.2
1366,200,1,3499.99,0.07
1367,132,1,1499.99,0.1
1367,131,2,2599.0,0.2
1367,124,1,1499.0,0.07
1367,24,2,549.99,0.05
1368,66,1,250.99,0.1
1368,113,2,489.99,0.07
1368,186,1,4499.99,0.2
1369,213,2,269.99,0.05
1370,7,1,3999.99,0.07
1370,89,2,209.99,0.1
1370,208,2,1799.99,0.2
1370,134,1,1499.99,0.1
1371,223,2,529.99,0.07
1371,8,2,1799.99,0.2
1372,307,1,749.99,0.07
1372,283,2,319.99,0.2
1373,63,1,3499.99,0.1
1374,181,2,2199.99,0.05
1374,130,2,919.99,0.07
1375,147,2,1799.99,0.05
1375,182,1,2499.99,0.2
1376,5,1,1320.99,0.07
1377,153,2,4999.99,0.05
1377,130,1,919.99,0.05
1377,48,1,1499.99,0.07
1377,188,2,3499.99,0.07
1378,96,2,349.99,0.07
1378,142,2,3199.99,0.07
1378,2,2,749.99,0.2
1378,110,1,470.99,0.07
1378,129,2,919.99,0.2
1379,15,1,529.99,0.1
1379,118,1,999.99,0.1
1379,263,2,89.99,0.1
1380,255,2,899.99,0.1
1380,229,2,429.99,0.07
1381,274,2,229.99,0.2
1381,214,2,899.99,0.1
1382,232,1,479.99,0.2
1382,81,2,1099.99,0.05
1382,225,1,959.99,0.1
1382,135,1,1499.99,0.07
1382,238,1,749.99,0.2
1383,188,2,3499.99,0.2
1383,65,2,346.99,0.05
1384,32,1,469.99,0.07
1384,142,2,3199.99,0.1
1384,89,1,209.99,0.1
1384,97,1,349.99,0.05
1385,24,2,549.99,0.05
1385,145,1,1799.99,0.07
1385,39,2,1499.99,0.1
1385,135,1,1499.99,0.05
1386,292,1,369.99,0.2
1386,262,1,249.99,0.1
1386,306,1,899.99,0.1
1386,150,1,4499.99,0.07
1387,106,1,449.99,0.1
1388,251,1,2999.99,0.1
1389,85,2,329.99,0.1
1389,171,2,3199.99,0.05
1389,227,1,319.99,0.07
1390,41,2,1469.99,0.05
1390,27,2,999.99,0.05
1390,306,1,899.99,0.1
1390,104,1,481.99,0.05
1390,147,2,1799.99,0.1
1391,223,2,529.99,0.07
1391,295,2,319.99,0.2
1391,277,1,369.99,0.2
1392,87,2,189.99,0.2
1392,240,2,899.99,0.05
1393,92,1,209.99,0.07
1393,82,1,659.99,0.07
1393,47,2,5299.99,0.05
1393,268,2,159.99,0.05
1394,165,2,2499.99,0.05
1395,204,1,3599.99,0.2
1395,48,2,1499.99,0.1
1395,180,2,919.99,0.2
1395,226,1,679.99,0.1
1396,57,1,1999.99,0.05
1396,181,1,2199.99,0.2
1397,127,2,469.99,0.1
1397,139,1,2999.99,0.07
1397,7,1,3999.99,0.05
1397,249,1,749.99,0.05
1397,78,2,647.99,0.1
1398,69,2,416.99,0.05
1398,53,1,749.99,0.2
1399,210,2,1549.0,0.2
1399,224,1,479.99,0.05
1399,127,2,469.99,0.07
1399,28,1,2499.99,0.05
1400,24,2,549.99,0.2
1400,217,2,909.99,0.2
1400,275,1,229.99,0.1
1400,90,1,209.99,0.07
1401,112,1,379.99,0.07
1401,230,1,429.99,0.05
1401,254,2,749.99,0.2
1402,189,2,2799.99,0.2
1402,28,2,2499.99,0.05
1402,203,1,4999.99,0.05
1402,273,1,289.99,0.07
1403,93,2,209.99,0.1
1404,112,2,379.99,0.05
1404,220,1,269.99,0.1
1404,193,2,2799.99,0.2
1405,162,2,2999.99,0.1
1406,230,2,429.99,0.05
1406,113,1,489.99,0.1
1407,300,1,799.99,0.05
1407,36,2,832.99,0.1
1407,266,1,399.99,0.1
1407,35,1,832.99,0.2
1408,23,2,299.99,0.2
1408,166,1,749.99,0.2
1408,114,1,579.99,0.07
1408,137,2,2599.0,0.2
1409,301,2,899.99,0.07
1409,170,1,1299.99,0.07
1409,171,2,3199.99,0.05
1409,265,1,289.99,0.05
1409,222,1,269.99,0.1
1410,205,2,4999.99,0.1
1410,203,2,4999.99,0.2
1410,304,1,679.99,0.1
1411,9,1,2999.99,0.1
1411,308,2,749.99,0.2
1412,180,2,919.99,0.07
1412,43,1,5299.99,0.1
1412,109,2,416.99,0.07
1413,297,2,279.99,0.05
1414,162,2,2999.99,0.1
1414,292,2,369.99,0.05
1415,31,2,1632.99,0.07
1415,17,1,429.0,0.05
1415,264,2,249.99,0.1
1415,245,1,659.99,0.05
1416,194,1,3499.99,0.2
1416,242,2,699.99,0.1
1416,92,2,209.99,0.05
1417,219,2,639.99,0.2
1418,120,2,2499.99,0.2
1418,243,2,679.99,0.05
1419,124,1,1499.0,0.07
1419,235,2,899.99,0.2
1419,234,1,899.99,0.1
1420,197,1,2299.99,0.2
1420,194,2,3499.99,0.1
1420,128,1,1899.0,0.1
1421,298,2,279.99,0.05
1422,80,2,761.99,0.07
1422,180,2,919.99,0.2
1422,243,1,679.99,0.05
1423,249,1,749.99,0.2
1423,71,1,416.99,0.1
1423,302,1,449.99,0.2
1423,113,2,489.99,0.2
1424,140,2,4999.99,0.2
1425,227,2,319.99,0.05
1425,263,1,89.99,0.07
1425,93,1,209.99,0.07
1425,54,2,3199.99,0.05
1425,145,2,1799.99,0.07
1426,215,1,749.99,0.07
1426,20,2,599.99,0.05
1426,281,1,319.99,0.07
1427,230,2,429.99,0.07
1427,139,1,2999.99,0.05
1427,164,2,1549.0,0.07
1428,216,2,899.99,0.2
1428,126,1,469.99,0.07
1428,187,2,2799.99,0.07
1428,28,1,2499.99,0.1
1428,194,2,3499.99,0.2
1429,70,2,659.99,0.2
1430,221,1,319.99,0.05
1430,281,1,319.99,0.07
1431,207,1,3999.99,0.1
1431,53,1,749.99,0.07
1431,252,1,2999.99,0.2
1431,254,1,749.99,0.07
1432,161,1,1899.0,0.2
1433,264,1,249.99,0.07
1434,229,2,429.99,0.2
1434,198,1,2999.99,0.1
1434,286,2,279.99,0.1
1434,61,2,4999.99,0.07
1435,141,2,1599.99,0.07
1435,29,1,999.99,0.2
1435,60,1,1559.99,0.1
1435,260,1,799.99,0.07
1436,244,2,559.99,0.07
1437,141,2,1599.99,0.05
1438,225,1,959.99,0.2
1438,140,1,4999.99,0.2
1438,81,2,1099.99,0.05
1438,137,1,2599.0,0.1
1438,190,2,2799.99,0.07
1439,42,1,2299.99,0.07
1439,263,1,89.99,0.2
1439,102,2,489.99,0.05
1439,149,1,7499.99,0.05
1440,116,2,749.99,0.07
1440,109,1,416.99,0.07
1440,186,1,4499.99,0.1
1440,178,2,749.99,0.05
1440,67,2,250.99,0.2
1441,6,1,469.99,0.05
1441,242,2,699.99,0.2
1441,46,1,1409.99,0.07
1442,160,1,4499.99,0.1
1442,220,1,269.99,0.07
1442,271,2,209.99,0.05
1443,160,1,4499.99,0.07
1443,57,1,1999.99,0.2
1443,101,2,339.99,0.1
1444,90,1,209.99,0.1
1444,128,2,1899.0,0.2
1445,219,2,639.99,0.1
1445,52,1,875.99,0.07
1445,123,2,999.99,0.1
1446,227,1,319.99,0.05
1446,233,2,639.99,0.05
1446,234,2,899.99,0.05
1447,148,1,5499.99,0.2
1448,239,1,749.99,0.1
1449,159,1,2299.99,0.07
1449,55,1,2699.99,0.2
1449,260,2,799.99,0.07
1449,252,2,2999.99,0.05
1449,14,2,269.99,0.1
1450,98,1,489.99,0.07
1450,173,2,3199.99,0.1
1450,299,1,559.99,0.2
1450,209,2,2999.99,0.1
1450,235,2,899.99,0.05
1451,117,1,1469.99,0.05
1452,99,2,299.99,0.1
1452,234,1,899.99,0.2
1452,86,2,149.99,0.05
1452,109,2,416.99,0.07
1453,89,2,209.99,0.1
1454,283,1,319.99,0.07
1454,35,2,832.99,0.1
1454,124,1,1499.0,0.2
1454,38,2,549.99,0.05
1455,101,2,339.99,0.05
1455,254,1,749.99,0.2
1456,193,2,2799.99,0.05
1456,246,1,639.99,0.07
1456,268,2,159.99,0.1
1456,272,1,289.99,0.1
1456,126,1,469.99,0.1
1457,113,1,489.99,0.07
1457,111,1,470.99,0.2
1457,268,1,159.99,0.2
1457,152,2,2499.99,0.2
1458,295,2,319.99,0.05
1458,105,1,533.99,0.05
1458,12,1,549.99,0.05
1458,78,2,647.99,0.1
1459,258,1,1259.9,0.1
1460,201,1,4499.99,0.05
1460,76,1,299.99,0.07
1460,167,1,749.99,0.05
1460,7,2,3999.99,0.07
1460,123,2,999.99,0.07
1461,48,1,1499.99,0.2
1461,242,2,699.99,0.2
1462,263,1,89.99,0.2
1462,25,1,499.99,0.07
1462,223,1,529.99,0.1
1462,294,1,369.99,0.1
1462,251,1,2999.99,0.05
1463,51,2,6499.99,0.05
1463,168,1,1549.0,0.05
1464,109,2,416.99,0.05
1464,124,1,1499.0,0.2
1464,165,2,2499.99,0.2
1464,151,2,1549.99,0.05
1465,70,2,659.99,0.05
1466,310,2,899.99,0.07
1466,251,1,2999.99,0.05
1466,163,2,1349.0,0.2
1466,39,2,1499.99,0.05
1467,18,1,449.0,0.07
1467,115,1,3199.99,0.2
1467,278,2,369.99,0.1
1468,269,1,199.99,0.05
1468,58,1,4999.99,0.07
1468,50,2,5999.99,0.07
1469,77,2,799.99,0.2
1469,237,2,849.99,0.05
1469,182,1,2499.99,0.07
1469,100,2,489.99,0.05
1470,110,2,470.99,0.1
1470,287,1,279.99,0.05
1470,252,2,2999.99,0.05
1471,59,2,2599.99,0.2
1471,136,1,1799.99,0.07
1472,84,1,109.99,0.2
1472,300,1,799.99,0.2
1473,84,2,109.99,0.2
1473,102,1,489.99,0.07
1474,301,1,899.99,0.2
1474,123,1,999.99,0.05
1475,306,2,899.99,0.05
1475,261,2,899.99,0.07
1475,161,2,1899.0,0.05
1475,248,2,599.99,0.2
1476,142,2,3199.99,0.07
1476,91,2,349.99,0.07
1476,43,1,5299.99,0.07
1476,191,1,2799.99,0.1
1476,265,2,289.99,0.1
1477,210,2,1549.0,0.2
1478,100,2,489.99,0.1
1478,123,1,999.99,0.2
1479,252,1,2999.99,0.05
1479,256,1,899.99,0.1
1480,308,2,749.99,0.1
1480,82,2,659.99,0.1
1480,92,2,209.99,0.07
1480,225,2,959.99,0.07
1481,53,2,749.99,0.07
1481,130,1,919.99,0.1
1482,48,1,1499.99,0.1
1482,113,1,489.99,0.05
1482,58,2,4999.99,0.07
1482,40,1,4999.99,0.05
1482,205,2,4999.99,0.05
1483,280,1,489.99,0.05
1483,226,2,679.99,0.07
1484,295,2,319.99,0.07
1484,49,2,3499.99,0.2
1484,304,2,679.99,0.05
1485,122,2,2499.99,0.2
1485,276,1,319.99,0.2
1486,60,2,1559.99,0.05
1486,98,1,489.99,0.05
1486,113,1,489.99,0.1
1486,269,1,199.99,0.1
1487,160,1,4499.99,0.07
1487,151,2,1549.99,0.2
1487,198,1,2999.99,0.05
1487,196,1,2299.99,0.05
1487,96,2,349.99,0.2
1488,42,1,2299.99,0.07
1488,122,1,2499.99,0.07
1489,198,1,2999.99,0.2
1489,282,2,279.99,0.2
1489,52,1,875.99,0.1
1490,99,1,299.99,0.1
1490,254,1,749.99,0.1
1490,218,1,319.99,0.05
1491,95,2,299.99,0.2
1491,302,1,449.99,0.05
1491,60,2,1559.99,0.07
1491,139,2,2999.99,0.07
1492,37,2,379.99,0.1
1493,230,1,429.99,0.1
1494,230,2,429.99,0.1
1494,178,2,749.99,0.2
1494,264,2,249.99,0.05
1495,292,2,369.99,0.05
1495,308,2,749.99,0.2
1495,137,1,2599.0,0.1
1496,248,1,599.99,0.07
1496,214,1,899.99,0.07
1496,224,2,479.99,0.05
1496,302,1,449.99,0.05
1496,225,2,959.99,0.2
1497,141,2,1599.99,0.2
1497,198,2,2999.99,0.1
1497,204,2,3599.99,0.07
1498,172,1,3199.99,0.05
1498,260,2,799.99,0.07
1499,110,1,470.99,0.05
1499,208,1,1799.99,0.07
1499,268,2,159.99,0.05
1499,2,1,749.99,0.05
1499,171,2,3199.99,0.1
1500,41,2,1469.99,0.07
1500,293,1,319.99,0.07
1501,248,1,599.99,0.05
1501,219,1,639.99,0.07
1501,15,1,529.99,0.05
1501,67,1,250.99,0.2
1501,210,1,1549.0,0.05
1502,231,2,529.99,0.2
1502,19,2,449.0,0.07
1502,26,2,599.99,0.07
1502,268,1,159.99,0.2
1502,255,1,899.99,0.07
1503,217,1,909.99,0.1
1503,302,2,449.99,0.05
1504,276,1,319.99,0.07
1505,223,2,529.99,0.05
1505,24,2,549.99,0.07
1505,43,2,5299.99,0.05
1506,184,1,3499.99,0.05
1506,153,2,4999.99,0.2
1506,149,2,7499.99,0.05
1507,39,2,1499.99,0.2
1507,11,2,1680.99,0.1
1507,259,1,1199.99,0.07
1507,281,1,319.99,0.07
1507,293,2,319.99,0.05
1508,37,1,379.99,0.2
1508,109,1,416.99,0.1
1508,52,2,875.99,0.05
1508,88,1,189.99,0.05
1509,215,2,749.99,0.07
1510,142,2,3199.99,0.05
1510,68,1,449.99,0.1
1510,251,2,2999.99,0.1
1510,220,2,269.99,0.1
1510,137,1,2599.0,0.05
1511,144,2,1549.99,0.2
1511,288,1,389.99,0.07
1511,17,2,429.0,0.07
1511,41,1,1469.99,0.05
1511,124,2,1499.0,0.2
1512,217,1,909.99,0.07
1513,166,1,749.99,0.1
1513,61,2,4999.99,0.05
1513,159,2,2299.99,0.05
1514,240,2,899.99,0.1
1514,203,2,4999.99,0.05
1515,27,2,999.99,0.2
1515,202,2,3499.99,0.1
1515,310,2,899.99,0.05
1515,40,1,4999.99,0.1
1515,158,2,959.99,0.2
1516,172,2,3199.99,0.1
1516,253,1,2599.99,0.1
1516,196,2,2299.99,0.2
1516,259,2,1199.99,0.2
1516,271,2,209.99,0.2
1517,303,2,2599.99,0.07
1517,226,2,679.99,0.05
1518,304,2,679.99,0.1
1518,182,2,2499.99,0.05
1518,252,2,2999.99,0.05
1519,150,1,4499.99,0.2
1519,85,2,329.99,0.2
1519,124,2,1499.0,0.07
1519,65,1,346.99,0.2
1519,265,2,289.99,0.05
1520,186,1,4499.99,0.05
1520,188,2,3499.99,0.2
1520,310,2,899.99,0.07
1520,263,2,89.99,0.1
1521,100,1,489.99,0.2
1521,314,2,679.99,0.2
1521,123,1,999.99,0.1
1521,135,2,1499.99,0.2
1522,95,1,299.99,0.1
1522,141,1,1599.99,0.07
1522,117,1,1469.99,0.07
1523,311,2,749.99,0.2
1524,168,1,1549.0,0.1
1524,295,2,319.99,0.2
1524,313,1,449.99,0.2
1524,252,2,2999.99,0.2
1525,156,1,6499.99,0.1
1525,163,2,1349.0,0.07
1525,193,1,2799.99,0.07
1526,151,1,1549.99,0.07
1526,56,1,5499.99,0.1
1526,238,1,749.99,0.1
1526,243,1,679.99,0.05
1527,33,1,469.99,0.1
1527,103,1,551.99,0.05
1527,57,2,1999.99,0.05
1528,229,2,429.99,0.2
1529,23,1,299.99,0.05
1529,50,2,5999.99,0.1
1530,213,2,269.99,0.1
1530,116,1,749.99,0.1
1531,128,1,1899.0,0.1
1532,209,2,2999.99,0.07
1533,274,2,229.99,0.1
1533,78,1,647.99,0.1
1533,96,1,349.99,0.1
1533,235,2,899.99,0.1
1533,51,1,6499.99,0.1
1534,194,1,3499.99,0.1
1534,117,1,1469.99,0.05
1534,269,2,199.99,0.2
1534,172,2,3199.99,0.2
1535,92,1,209.99,0.05
1535,75,2,599.99,0.05
1536,183,1,2199.99,0.2
1536,185,2,2799.99,0.07
1536,196,2,2299.99,0.2
1537,237,2,849.99,0.05
1538,206,1,3299.99,0.07
1538,46,2,1409.99,0.07
1538,117,1,1469.99,0.07
1538,197,1,2299.99,0.2
1538,306,2,899.99,0.05
1539,6,2,469.99,0.05
1539,12,2,549.99,0.05
1540,71,2,416.99,0.05
1540,236,1,749.99,0.07
1540,224,1,479.99,0.05
1540,177,2,5499.99,0.05
1540,78,1,647.99,0.2
1541,155,2,11999.99,0.1
1541,248,2,599.99,0.07
1541,142,2,3199.99,0.1
1541,17,1,429.0,0.1
1541,86,2,149.99,0.05
1542,79,1,402.99,0.2
1542,122,2,2499.99,0.05
1542,184,2,3499.99,0.2
1542,37,2,379.99,0.1
1542,297,1,279.99,0.2
1543,108,2,449.99,0.1
1543,93,1,209.99,0.2
1543,158,2,959.99,0.07
1543,97,2,349.99,0.05
1543,136,1,1799.99,0.2
1544,194,2,3499.99,0.1
1544,107,2,416.99,0.2
1545,45,1,869.99,0.1
1546,156,1,6499.99,0.1
1546,185,2,2799.99,0.1
1546,215,1,749.99,0.1
1546,25,1,499.99,0.05
1547,106,2,449.99,0.2
1547,204,1,3599.99,0.2
1548,32,1,469.99,0.1
1548,202,1,3499.99,0.07
1548,62,2,3499.99,0.2
1549,158,1,959.99,0.2
1549,119,1,469.99,0.05
1549,249,2,749.99,0.05
1549,242,2,699.99,0.1
1550,315,2,559.99,0.05
1550,245,1,659.99,0.07
1550,185,2,2799.99,0.1
1550,148,1,5499.99,0.07
1550,86,2,149.99,0.05
1551,207,2,3999.99,0.2
1552,197,1,2299.99,0.1
1552,41,2,1469.99,0.05
1553,102,1,489.99,0.07
1553,12,1,549.99,0.1
1553,251,1,2999.99,0.05
1553,89,1,209.99,0.05
1554,166,1,749.99,0.05
1554,285,1,279.99,0.2
1555,24,2,549.99,0.1
1555,156,1,6499.99,0.1
1555,126,1,469.99,0.1
1555,128,2,1899.0,0.05
1555,174,1,3199.99,0.2
1556,49,2,3499.99,0.2
1556,82,1,659.99,0.07
1556,265,1,289.99,0.1
1556,119,2,469.99,0.05
1556,235,2,899.99,0.1
1557,163,2,1349.0,0.07
1558,46,2,1409.99,0.07
1558,123,1,999.99,0.07
1558,4,1,2899.99,0.05
1558,55,1,2699.99,0.2
1558,253,1,2599.99,0.07
1559,101,2,339.99,0.07
1559,18,1,449.0,0.1
1559,54,2,3199.99,0.1
1559,221,1,319.99,0.1
1560,118,2,999.99,0.2
1560,41,1,1469.99,0.2
1561,181,2,2199.99,0.07
1561,297,2,279.99,0.05
1562,54,1,3199.99,0.2
1562,66,1,250.99,0.2
1562,115,2,3199.99,0.07
1563,188,1,3499.99,0.07
1564,309,1,899.99,0.07
1564,14,1,269.99,0.1
1565,37,1,379.99,0.07
1565,92,1,209.99,0.1
1565,261,1,899.99,0.1
1565,95,1,299.99,0.07
1565,226,2,679.99,0.2
1566,179,1,919.99,0.05
1566,61,2,4999.99,0.05
1567,279,1,319.99,0.2
1568,146,1,4999.99,0.2
1568,105,1,533.99,0.07
1568,301,1,899.99,0.1
1569,252,1,2999.99,0.1
1570,155,1,11999.99,0.07
1571,312,2,699.99,0.1
1571,212,1,559.99,0.07
1571,20,2,599.99,0.2
1572,216,2,899.99,0.05
1572,198,1,2999.99,0.2
1572,115,1,3199.99,0.05
1572,304,2,679.99,0.2
1573,9,1,2999.99,0.05
1573,129,1,919.99,0.07
1573,15,2,529.99,0.1
1573,216,2,899.99,0.07
1573,263,2,89.99,0.1
1574,127,1,469.99,0.1
1575,44,1,539.99,0.07
1575,207,2,3999.99,0.1
1575,213,1,269.99,0.07
1575,126,2,469.99,0.05
1575,92,2,209.99,0.2
1576,69,1,416.99,0.05
1576,293,1,319.99,0.05
1576,202,2,3499.99,0.05
1577,298,2,279.99,0.05
1577,111,2,470.99,0.1
1577,300,2,799.99,0.2
1577,131,2,2599.0,0.07
1577,282,2,279.99,0.05
1578,204,2,3599.99,0.07
1578,310,1,899.99,0.05
1578,241,2,749.99,0.2
1579,49,1,3499.99,0.05
1579,214,1,899.99,0.1
1579,286,1,279.99,0.07
1579,65,2,346.99,0.1
1580,119,2,469.99,0.07
1580,86,2,149.99,0.2
1581,64,1,489.99,0.1
1581,272,1,289.99,0.2
1582,75,1,599.99,0.07
1582,133,2,1499.99,0.07
1583,15,1,529.99,0.05
1583,265,2,289.99,0.2
1584,45,2,869.99,0.1
1584,216,2,899.99,0.1
1584,43,1,5299.99,0.2
1584,187,1,2799.99,0.1
1584,147,2,1799.99,0.07
1585,313,1,449.99,0.1
1585,106,2,449.99,0.1
1585,207,2,3999.99,0.07
1585,95,1,299.99,0.1
1585,191,1,2799.99,0.1
1586,22,2,269.99,0.1
1586,277,1,369.99,0.07
1586,295,1,319.99,0.05
1586,173,1,3199.99,0.2
1586,36,1,832.99,0.1
1587,104,1,481.99,0.1
1587,63,2,3499.99,0.05
1587,78,2,647.99,0.05
1587,300,2,799.99,0.07
1588,93,2,209.99,0.07
1589,246,2,639.99,0.05
1589,260,1,799.99,0.2
1589,28,2,2499.99,0.1
1590,175,2,3199.99,0.07
1590,248,1,599.99,0.2
1590,23,1,299.99,0.07
1591,286,2,279.99,0.2
1591,126,2,469.99,0.2
1591,97,2,349.99,0.07
1591,138,2,2249.99,0.05
1591,265,1,289.99,0.2
1592,211,2,1549.0,0.05
1592,159,1,2299.99,0.07
1592,40,2,4999.99,0.07
1592,9,1,2999.99,0.2
1592,271,2,209.99,0.05
1593,97,2,349.99,0.2
1593,34,1,469.99,0.07
1593,190,2,2799.99,0.1
1593,107,1,416.99,0.05
1593,169,2,6499.99,0.07
1594,79,2,402.99,0.1
1594,105,1,533.99,0.1
1595,112,1,379.99,0.2
1596,91,1,349.99,0.05
1596,18,1,449.0,0.1
1597,176,1,3199.99,0.07
1597,59,1,2599.99,0.07
1598,247,1,599.99,0.2
1598,49,2,3499.99,0.07
1598,88,1,189.99,0.2
1599,104,2,481.99,0.2
1600,146,1,4999.99,0.1
1600,295,1,319.99,0.05
1600,36,1,832.99,0.2
1601,114,2,579.99,0.2
1601,10,1,1549.0,0.2
1601,220,2,269.99,0.07
1601,7,2,3999.99,0.07
1601,180,1,919.99,0.1
1602,71,2,416.99,0.05
1602,37,1,379.99,0.07
1602,275,2,229.99,0.2
1602,257,2,899.99,0.05
1603,275,2,229.99,0.05
1604,271,1,209.99,0.1
1605,72,1,619.99,0.1
1605,186,1,4499.99,0.2
1605,132,2,1499.99,0.1
1605,301,1,899.99,0.1
1605,29,1,999.99,0.07
1606,245,1,659.99,0.1
1606,271,1,209.99,0.1
1607,29,1,999.99,0.05
1608,231,2,529.99,0.05
1609,96,1,349.99,0.2
1609,238,2,749.99,0.2
1609,228,2,319.99,0.1
1609,105,1,533.99,0.2
1610,36,1,832.99,0.07
1610,173,2,3199.99,0.2
1611,191,1,2799.99,0.07
1611,171,2,3199.99,0.1
1611,236,1,749.99,0.2
1612,242,1,699.99,0.1
1612,289,2,319.99,0.05
1612,101,2,339.99,0.2
1612,293,2,319.99,0.07
1612,60,1,1559.99,0.1
1613,153,1,4999.99,0.07
1613,283,2,319.99,0.05
1614,124,1,1499.0,0.07
1614,159,2,2299.99,0.07
1614,213,2,269.99,0.2
1615,197,2,2299.99,0.2
1615,214,1,899.99,0.07
1615,182,1,2499.99,0.2
